Origin,flights,cancel_rate,delay_rate,avg_delay_min
ABQ,6611,0.006504310996823476,0.19581807081807082,3.7055860805860807
ALB,2372,0.017284991568296795,0.17018526497199482,0.995260663507109
AMA,1044,0.011494252873563218,0.1786407766990291,2.478640776699029
ANC,156,0.0,0.3717948717948718,18.365384615384617
ATL,9517,0.013134391089629084,0.24906346997752327,9.447179706732314
AUS,22647,0.008654567933942686,0.2962103289737982,10.811409186269696
BDL,2272,0.022887323943661973,0.18317503392130258,3.6847580280416103
BHM,3007,0.006983704689058862,0.21591672263263936,5.849899261249161
BNA,37123,0.01225655254155106,0.2949492739752249,9.815554157893297
BOI,3015,0.0026533996683250414,0.19312875250166778,3.5313542361574384
BOS,4128,0.020348837209302327,0.28638847491306507,10.423497267759563
BUF,3101,0.012254111576910674,0.21840209561231172,5.654223968565815
BUR,9780,0.01063394683026585,0.16813334713738481,-0.5345273837871415
BWI,41633,0.022554223812840776,0.2406905723574032,7.088685843759236
BZN,1085,0.0,0.25461254612546125,6.083025830258302
CHS,2201,0.01226715129486597,0.23415085608514577,6.200832947709394
CLE,3163,0.009168510907366425,0.1921719602181585,1.89348732755855
CLT,1877,0.02184336707511987,0.2432876712328767,8.323287671232876
CMH,7246,0.013938724813690313,0.20250316411193925,4.491773308957953
COS,2492,0.0028089887640449437,0.19612590799031476,2.4249394673123486
CRP,578,0.0,0.157439446366782,-2.2681660899653977
CVG,1581,0.010120177103099304,0.20967741935483872,6.668387096774193
DAL,40194,0.01691794795243071,0.30840694486749926,12.63800893491725
DCA,9316,0.027264920566766854,0.2811565304087737,11.643181566411876
DEN,51386,0.0071031020122212275,0.30943774311421945,12.251718989430671
DSM,1062,0.00847457627118644,0.17887725975261656,1.698382492863939
DTW,2628,0.00837138508371385,0.2665895061728395,8.134645061728396
ECP,2139,0.0032725572697522207,0.24587847385774847,7.110692416391898
ELP,4958,0.00645421540943929,0.2232851618155913,6.430083452065947
EUG,1099,0.0009099181073703367,0.2020109689213894,3.3363802559414992
FAT,1236,0.0008090614886731392,0.20275750202757503,3.407948094079481
FLL,6940,0.012247838616714697,0.31214296176944484,12.641423758605537
GEG,2132,0.0028142589118198874,0.14966949952785646,-1.1213408876298394
GRR,1193,0.00586756077116513,0.22789115646258504,5.267857142857143
GSP,963,0.014537902388369679,0.1416490486257928,-1.6987315010570825
HDN,352,0.0,0.2727272727272727,6.400568181818182
HNL,7324,0.0032768978700163844,0.1097243176518996,-1.950624057056645
HOU,28742,0.008106603576647414,0.26497801231310464,8.318135444151276
HRL,1285,0.004669260700389105,0.22648902821316613,7.224137931034483
IAD,457,0.010940919037199124,0.21507760532150777,4.986696230598669
ICT,1070,0.009345794392523364,0.152317880794702,-1.848628192999054
IND,7915,0.0065698041692988,0.20109805924412666,3.893258426966292
ISP,1508,0.025198938992042442,0.2229038854805726,5.935923653715065
ITO,1067,0.006560449859418931,0.07169811320754717,-3.45188679245283
JAN,695,0.007194244604316547,0.16279069767441862,-2.258720930232558
JAX,2728,0.015762463343108504,0.23709798055347794,7.50074794315632
KOA,1686,0.004151838671411625,0.057772483621203095,-7.7593805836807626
LAS,50504,0.005385712022810074,0.2707560343107919,7.983263514861361
LAX,14805,0.0051334008780817295,0.30136706794531726,10.18873699245052
LBB,1562,0.012163892445582587,0.15919428200129954,1.5315139701104614
LGA,6795,0.05371596762325239,0.28828125,10.32359375
LGB,7185,0.0026443980514961724,0.15235030777839956,-1.3374370453273643
LIH,1686,0.0029655990510083037,0.06447761194029851,-8.696119402985074
LIT,1461,0.01026694045174538,0.1772853185595568,3.623268698060942
MAF,2131,0.009854528390427029,0.13858566682486947,-0.9876601803512103
MCI,13796,0.009785445056538127,0.2220834557743168,5.400822803408757
MCO,30912,0.012681159420289856,0.28712708634511763,11.024773294782495
MDW,40509,0.017724456293663135,0.2726058131034309,9.767274193954977
MEM,2494,0.01483560545308741,0.2386780905752754,7.071807425540595
MHT,1629,0.00798035604665439,0.13610938471100062,-0.6022374145431946
MIA,3368,0.01336104513064133,0.3285930408472012,14.393645990922844
MKE,5949,0.011094301563287948,0.2,2.727986348122867
MSP,3158,0.012032932235592146,0.2135265700483092,3.17487922705314
MSY,10783,0.00788277844755634,0.2649901473210097,9.962559819836727
MTJ,316,0.0031645569620253164,0.14968152866242038,-1.3152866242038217
MYR,1357,0.01400147383935151,0.18876404494382024,4.420973782771536
OAK,15685,0.004462862607586867,0.23007374158384097,5.940686117345303
OGG,3053,0.001965280052407468,0.08076165462902167,-6.2534471437951415
OKC,4182,0.011956001912960305,0.195821185617104,3.5272108843537415
OMA,4683,0.009609224855861628,0.22092267706302793,5.425817630495993
ONT,6709,0.002981070204203309,0.19751608559030376,2.8446805326948974
ORD,1786,0.018477043673012318,0.3321878579610538,17.599083619702178
ORF,1820,0.01868131868131868,0.21452702702702703,5.525900900900901
PBI,1607,0.014934660858743,0.23432552248258393,5.533882203926535
PDX,4893,0.002656856734109953,0.24604966139954854,7.72686230248307
PHL,2815,0.018827708703374777,0.2770689026613197,13.451330659861465
PHX,39231,0.004639188396930998,0.2785021302807864,9.344823161028694
PIT,6104,0.009501965923984272,0.20810496595249958,4.1926590267397446
PNS,1686,0.0035587188612099642,0.2459605026929982,7.670257330939557
PSP,1647,0.008500303582270795,0.17463235294117646,1.3327205882352942
PVD,2884,0.024618585298196948,0.1796707229778096,2.6413743736578383
PWM,874,0.013729977116704805,0.20163170163170163,5.801864801864802
RDU,5074,0.01931415057154119,0.21958098307816276,5.038879935535858
RIC,1258,0.016693163751987282,0.29454841334418225,13.16273393002441
RNO,4968,0.003824476650563607,0.1909293379226564,2.9939258959303503
ROC,1280,0.01328125,0.25557324840764334,9.394904458598726
RSW,5196,0.01424172440338722,0.24308416715715125,9.308809103394154
SAN,22811,0.00723335233001622,0.2909823365354819,8.986187967594846
SAT,8525,0.0069208211143695015,0.22706802559848305,5.752429485660109
SAV,1752,0.012557077625570776,0.2228670922809054,5.995937318630296
SBA,1092,0.003663003663003663,0.09834558823529412,-4.767463235294118
SDF,3159,0.015827793605571384,0.17746113989637305,2.375323834196891
SEA,4644,0.0036606373815676143,0.30844155844155846,11.114718614718615
SFO,5925,0.010126582278481013,0.44951307022039977,24.824876131898172
SJC,15126,0.005553351844506148,0.20505992010652463,3.414181091877497
SJU,2412,0.011194029850746268,0.24326599326599327,8.928030303030303
SLC,6651,0.005112013231093069,0.22829874261475533,3.948947129222845
SMF,18397,0.00407675164428983,0.1981518945814424,3.6424080048116356
SNA,8370,0.006212664277180406,0.1559003969686034,-0.4235534704679418
SRQ,2749,0.014186977082575483,0.22011878247958427,7.7932442464736456
STL,22325,0.008465845464725645,0.24866188877800963,7.734192143699537
STS,410,0.0024390243902439024,0.2200488997555012,5.041564792176039
STT,254,0.003937007874015748,0.29707112970711297,8.087866108786612
TPA,14440,0.011011080332409972,0.23686059584035976,7.128302417088252
TUL,3172,0.012295081967213115,0.16826615483045426,1.6081253998720408
TUS,2707,0.0029553010712966383,0.19591836734693877,3.8089053803339517
TYS,823,0.001215066828675577,0.19070904645476772,2.380195599022005
VPS,1187,0.005897219882055603,0.16213921901528014,3.308149405772496
