FlightDate,flights,cancel_rate,delay_rate
2026-01-01,3458,0.00838635049161365,0.2702941176470588
2026-01-02,4186,0.000716674629718108,0.1997129873236068
2026-01-03,3965,0.013871374527112233,0.3042809536016406
2026-01-04,4124,0.002667313288069835,0.2453793774319066
2026-01-05,4055,0.0009864364981504315,0.20351137487636003
2026-01-06,3191,0.000940144155437167,0.05560791705937795
2026-01-07,3182,0.00031426775612822125,0.06446540880503145
2026-01-08,3192,0.0006265664160401002,0.20131909547738694
2026-01-09,3197,0.0,0.09051049170059505
2026-01-10,2834,0.001058574453069866,0.10396039603960396
2026-01-11,3742,0.0005344735435595938,0.10905680600214362
2026-01-12,3187,0.0006275494195167869,0.03108320251177394
2026-01-13,3182,0.00031426775612822125,0.05326189725811535
2026-01-14,3183,0.0006283380458686773,0.09085173501577287
2026-01-15,3744,0.006143162393162393,0.10317887931034483
2026-01-16,3744,0.002403846153846154,0.15532940546331012
2026-01-17,2831,0.0,0.17676230959971662
2026-01-18,3171,0.0,0.15146733985484379
2026-01-19,3726,0.0,0.15574650912996776
2026-01-20,3194,0.0,0.07015346069527091
2026-01-21,3181,0.00031436655139893113,0.04188976377952756
2026-01-22,3190,0.0006269592476489029,0.05363864491844417
2026-01-23,3197,0.03221770409759149,0.13134907796829506
2026-01-24,2820,0.2099290780141844,0.1959550561797753
2026-01-25,3734,0.36823781467595074,0.3709059974478945
2026-01-26,3186,0.11268047708725674,0.3457314913212894
2026-01-27,3173,0.003151591553734636,0.22239797532426447
2026-01-28,3175,0.0012598425196850393,0.12208201892744479
2026-01-29,3212,0.0009339975093399751,0.14276807980049874
2026-01-30,3215,0.005598755832037325,0.14858934169278998
2026-01-31,2831,0.03991522430236665,0.11225616488774383
2026-02-01,3749,0.009869298479594559,0.18191632928475035
2026-02-02,3210,0.00031152647975077883,0.1259422110552764
2026-02-03,3197,0.0006255864873318737,0.08705216844751729
2026-02-04,3205,0.0006240249609984399,0.091476740555729
2026-02-05,3770,0.0007957559681697613,0.18454593733404143
2026-02-06,3795,0.0013175230566534915,0.11381683430386448
2026-02-07,2846,0.0007027406886858749,0.09500351864883885
2026-02-08,3180,0.0012578616352201257,0.08034026465028356
2026-02-09,3790,0.0018469656992084432,0.1379857256145916
2026-02-10,3205,0.00187207488299532,0.05944931163954944
2026-02-11,3214,0.004044803982576229,0.09934395501405811
2026-02-12,4052,0.0004935834155972359,0.19683872561126203
2026-02-13,4053,0.0007401924500370096,0.22288114652829255
2026-02-14,3500,0.016285714285714285,0.15433896330809552
2026-02-15,3789,0.00870942201108472,0.1851456051295752
2026-02-16,4062,0.0103397341211226,0.3527199799448483
2026-02-17,3791,0.0163545238723292,0.3543963431029847
2026-02-18,3217,0.0027976375505129004,0.2338432719325632
2026-02-19,3784,0.0015856236786469344,0.30855018587360594
2026-02-20,4043,0.0009893643334157804,0.2521674510775328
2026-02-21,3481,0.0014363688595231256,0.1668584579976985
2026-02-22,4035,0.08252788104089219,0.27068685776095186
2026-02-23,3787,0.07525745973065752,0.13963449457452884
2026-02-24,3225,0.025116279069767444,0.14390321553645335
2026-02-25,3224,0.00031017369727047146,0.2163924247128221
2026-02-26,4047,0.0007412898443291327,0.17945544554455445
2026-02-27,4040,0.0009900990099009901,0.20930811348929815
2026-02-28,3492,0.001718213058419244,0.14449870726802644
2026-03-01,4056,0.0009861932938856016,0.20726284584980237
2026-03-02,3780,0.0010582010582010583,0.13804981452040277
2026-03-03,3223,0.0006205398696866273,0.13233923578751164
2026-03-04,3214,0.0015556938394523958,0.10128566948886798
2026-03-05,4150,0.03566265060240964,0.2414914914914915
2026-03-06,4165,0.014645858343337335,0.4503181595692609
2026-03-07,3743,0.015495591771306438,0.4121805328983143
2026-03-08,4068,0.001720747295968535,0.32840236686390534
2026-03-09,4164,0.002161383285302594,0.1557001687153531
2026-03-10,3824,0.019351464435146442,0.15865771812080537
2026-03-11,3823,0.006277792309704421,0.2887658227848101
2026-03-12,4172,0.004314477468839885,0.3958534233365477
2026-03-13,4169,0.01870952266730631,0.3097933070866142
2026-03-14,3750,0.012533333333333334,0.33450513791238506
2026-03-15,4063,0.11813930593157765,0.4086172909039707
2026-03-16,4172,0.1342281879194631,0.6146558930064084
2026-03-17,3824,0.022751046025104603,0.385809906291834
2026-03-18,3824,0.0015690376569037657,0.2706313859051611
2026-03-19,4172,0.0021572387344199425,0.18365384615384617
2026-03-20,4169,0.001918925401775006,0.1980746089049338
2026-03-21,3750,0.0016,0.1748663101604278
2026-03-22,4068,0.001720747295968535,0.2971639950678175
2026-03-23,4172,0.014381591562799617,0.2002433090024331
2026-03-24,3824,0.006014644351464435,0.10944488292554591
2026-03-25,3816,0.003930817610062893,0.1281916293761516
2026-03-26,4167,0.007439404847612191,0.2632603406326034
2026-03-27,4166,0.011041766682669226,0.24652184525262388
2026-03-28,3752,0.0013326226012793177,0.23411639081687133
2026-03-29,4062,0.0029542097488921715,0.22535211267605634
2026-03-30,4172,0.0026366251198465963,0.15988442090055383
2026-03-31,3824,0.0015690376569037657,0.18663171690694627
2026-04-01,3824,0.0015690376569037657,0.18828781512605042
2026-04-02,4177,0.012927938711994253,0.27128180039138944
2026-04-03,4167,0.00671946244300456,0.2198547215496368
2026-04-04,3747,0.004536962903656259,0.18020917135961384
2026-04-05,4073,0.0009820770930518046,0.13684469603741078
2026-04-06,4172,0.0016778523489932886,0.20355683729872626
2026-04-07,3699,0.0021627466882941336,0.15930642102411272
2026-04-08,3701,0.0005403944879762226,0.11465657111952407
2026-04-09,4142,0.0014485755673587638,0.2331318016928658
2026-04-10,4145,0.0007237635705669482,0.19773056494447128
2026-04-11,3308,0.0006045949214026602,0.14761040532365396
2026-04-12,4229,0.0004729250413809411,0.37008991954566967
2026-04-13,4140,0.0012077294685990338,0.2120551924473493
2026-04-14,3704,0.0016198704103671706,0.14614967462039047
2026-04-15,3704,0.0010799136069114472,0.13288227334235453
2026-04-16,4140,0.0016908212560386474,0.26345128453708194
2026-04-17,4147,0.012539184952978056,0.33259749816041206
2026-04-18,3304,0.0012106537530266344,0.15933232169954475
2026-04-19,4227,0.0004731488052992666,0.2750295857988166
2026-04-20,4145,0.0021712907117008443,0.18498789346246974
2026-04-21,3703,0.001080205238995409,0.10900730321882608
2026-04-22,3704,0.0002699784017278618,0.1766612641815235
2026-04-23,4140,0.0,0.2640096618357488
2026-04-24,4141,0.0009659502535619416,0.2542947011855795
2026-04-25,3304,0.0009079903147699758,0.12363636363636364
2026-04-26,4229,0.0009458500827618822,0.27468624200805114
2026-04-27,4140,0.005072463768115942,0.3832232819760333
2026-04-28,3704,0.007019438444924406,0.21405228758169934
2026-04-29,3704,0.0016198704103671706,0.25946969696969696
2026-04-30,4150,0.0031325301204819275,0.41630382196419935
2026-05-01,4133,0.0036293249455601256,0.31416037046063855
2026-05-02,3303,0.009385407205570693,0.23226403454657618
2026-05-03,4239,0.0033026657230478887,0.3409306742640076
2026-05-04,4137,0.0029006526468455403,0.3391727493917275
2026-05-05,3705,0.0024291497975708503,0.21689683184402925
2026-05-06,3706,0.0040474905558553695,0.27831978319783196
2026-05-07,4143,0.000724112961622013,0.29828378051728305
2026-05-08,4144,0.00048262548262548264,0.23242329064991543
2026-05-09,3308,0.0006045949214026602,0.15100060642813826
2026-05-10,4232,0.02103024574669187,0.24494765035305577
2026-05-11,4142,0.0014485755673587638,0.25459825750242016
2026-05-12,3701,0.0008105917319643339,0.1476873140384095
2026-05-13,3700,0.0008108108108108108,0.17465475223395613
2026-05-14,4153,0.0016855285335901757,0.34098598356694054
2026-05-15,4150,0.0014457831325301205,0.2335907335907336
2026-05-16,3317,0.0,0.16394927536231885
2026-05-17,4238,0.010618216139688533,0.3548930031257514
2026-05-18,4160,0.008413461538461538,0.5032918800292612
2026-05-19,3718,0.0293168370091447,0.40794627867935085
2026-05-20,3710,0.00862533692722372,0.38109506946336147
2026-05-21,4151,0.000481811611659841,0.42167511465121893
2026-05-22,4154,0.0009629272989889263,0.3561081603090295
2026-05-23,3316,0.0,0.26163141993957706
2026-05-24,3562,0.0011229646266142617,0.22382162009596387
2026-05-25,4154,0.0009629272989889263,0.2721351025331725
2026-05-26,3710,0.0,0.2419572857529062
2026-05-27,3710,0.0008086253369272237,0.31901674770394384
2026-05-28,4146,0.003135552339604438,0.22144240077444338
2026-05-29,4146,0.00120598166907863,0.2221416485375876
2026-05-30,3314,0.00030175015087507544,0.13552671294898883
2026-05-31,4244,0.0,0.18800188946622579
2026-06-01,4146,0.002170767004341534,0.2680737506065017
2026-06-02,3710,0.00215633423180593,0.19615280411812516
2026-06-03,3699,0.0005406866720735334,0.19663683211282887
2026-06-04,4186,0.0016722408026755853,0.2923556194584232
2026-06-05,4217,0.0016599478302110505,0.252138783269962
2026-06-06,3653,0.0008212428141253764,0.2332690718810245
2026-06-07,4117,0.0014573718727228565,0.3992691839220463
2026-06-08,4217,0.0028456248517903723,0.34992853739876134
2026-06-09,3951,0.0007593014426727411,0.2522179974651457
2026-06-10,3956,0.006825075834175936,0.3194871794871795
2026-06-11,4223,0.01633909542978925,0.38805245264691596
2026-06-12,4223,0.012076722708974662,0.48841698841698844
2026-06-13,3659,0.001639792292976223,0.30701754385964913
2026-06-14,4124,0.012851600387972843,0.5014873574615766
2026-06-15,4221,0.0040274816394219376,0.4154761904761905
2026-06-16,3953,0.00025297242600556537,0.2512664640324215
2026-06-17,3953,0.023779408044523147,0.29771784232365145
2026-06-18,4219,0.00355534486845224,0.485932284215546
2026-06-19,4220,0.042890995260663506,0.5033843068438205
2026-06-20,3655,0.002188782489740082,0.40714285714285714
2026-06-21,4123,0.0009701673538685423,0.40651592511548745
2026-06-22,4223,0.012550319677954062,0.43743961352657007
2026-06-23,3955,0.0007585335018963338,0.3579934127185204
2026-06-24,3951,0.005568210579600101,0.3676508344030809
2026-06-25,4217,0.0021342186388427793,0.38188319427890344
2026-06-26,4220,0.0009478672985781991,0.31387900355871884
2026-06-27,3653,0.008486175745962223,0.33899248538825494
2026-06-28,4121,0.004367871875758311,0.32959258355696514
2026-06-29,4217,0.0011856770215793219,0.16959619952494062
2026-06-30,3951,0.004049607694254619,0.25428937259923173
2026-07-01,3961,0.0022721534965917697,0.25044359949302913
2026-07-02,4229,0.001655237644833294,0.3350735643094447
2026-07-03,4209,0.01663102874792112,0.28180039138943247
2026-07-04,2830,0.01342756183745583,0.20707070707070707
2026-07-05,4122,0.027171276079573023,0.34773869346733666
2026-07-06,4218,0.018729255571360834,0.34293385403954113
2026-07-07,3954,0.01340414769853313,0.32393272962483827
2026-07-08,3954,0.002276176024279211,0.24655436447166923
2026-07-09,4220,0.022511848341232227,0.31170731707317073
2026-07-10,4220,0.011848341232227487,0.3487527246306612
2026-07-11,3665,0.00027285129604365623,0.25533661740558294
2026-07-12,4132,0.005324298160696999,0.3675171736997056
2026-07-13,4220,0.007345971563981043,0.37716346153846153
2026-07-14,3954,0.0035407182599898838,0.26478083588175333
2026-07-15,3954,0.0,0.2640506329113924
2026-07-16,4220,0.005924170616113744,0.37320230105465
2026-07-17,4220,0.0026066350710900474,0.3646329837940896
2026-07-18,3665,0.02592087312414734,0.2885050962627407
2026-07-19,4132,0.005324298160696999,0.40087676570871894
2026-07-20,4220,0.0016587677725118483,0.31801951916210425
2026-07-21,3949,0.06254748037477842,0.27776254455717025
2026-07-22,3949,0.014434033932641175,0.33264248704663213
2026-07-23,4212,0.0030864197530864196,0.28836987607244996
2026-07-24,4220,0.0014218009478672985,0.28221588207322873
2026-07-25,3665,0.00027285129604365623,0.21493027071369974
2026-07-26,4136,0.0012088974854932303,0.27440058125454103
2026-07-27,4220,0.035071090047393366,0.33374844333748444
2026-07-28,3954,0.03692463328275165,0.361317747077577
2026-07-29,3950,0.002531645569620253,0.29539088362617777
2026-07-30,4220,0.004502369668246445,0.29379474940334127
2026-07-31,4220,0.004028436018957346,0.271101573676681
