day_of_week,dep_hour,delay_rate,flights
1,5,0.06704781704781705,5772
1,6,0.07299703264094956,8425
1,7,0.11108086033215356,7346
1,8,0.1422877640494221,7527
1,9,0.1622799664710813,5965
1,10,0.20311895862868926,7759
1,11,0.24367283950617283,6480
1,12,0.288268156424581,7160
1,13,0.3168199347374666,6742
1,14,0.35301993454329067,6722
1,15,0.36231655357424647,6337
1,16,0.39492017416545716,6890
1,17,0.3826934795856185,6564
1,18,0.39544807965860596,7030
1,19,0.39652536483669215,7195
1,20,0.3918840579710145,6900
1,21,0.4019243385086377,4573
1,22,0.3855619360131255,2438
1,23,0.21673003802281368,526
2,5,0.05850585058505851,3333
2,6,0.05888113600195862,8169
2,7,0.07639510593852582,6702
2,8,0.10724962630792227,8028
2,9,0.12579169598874032,5684
2,10,0.16110898172990928,7827
2,11,0.17966101694915254,6490
2,12,0.21481046135762563,6806
2,13,0.23144560357675112,6710
2,14,0.2778720123361604,6485
2,15,0.27877641122674235,6342
2,16,0.30421455938697317,6525
2,17,0.30887610757034045,6433
2,18,0.3173819470819091,7899
2,19,0.3326312094084606,5697
2,20,0.30158730158730157,5229
2,21,0.33903675538656525,3156
2,22,0.1417624521072797,261
2,23,0.11478599221789883,514
3,5,0.04751686082158185,3262
3,6,0.05232913559114806,8179
3,7,0.06259336719450254,6694
3,8,0.09741871432117151,8058
3,9,0.11731548353003347,5677
3,10,0.1432741116751269,7880
3,11,0.17859880423118196,6523
3,12,0.20961594840222808,6822
3,13,0.22739401126593536,6746
3,14,0.2843601895734597,6541
3,15,0.2804207881928089,6369
3,16,0.3342474101157831,6564
3,17,0.3321505708114779,6482
3,18,0.34266531542944006,7894
3,19,0.36212389380530974,5650
3,20,0.33720480061943475,5166
3,21,0.3763955342902711,3135
3,22,0.12260536398467432,261
3,23,0.17254901960784313,510
4,5,0.04792332268370607,5947
4,6,0.05224220350557705,8786
4,7,0.08918954420070932,7613
4,8,0.11421319796954314,7880
4,9,0.1467051467051467,6237
4,10,0.19379557533061426,8091
4,11,0.2335258403672442,6753
4,12,0.2749163879598662,7475
4,13,0.3250423968343697,7076
4,14,0.3583227445997459,7083
4,15,0.3672385000759071,6587
4,16,0.43024717218265607,7161
4,17,0.4186080162060483,6911
4,18,0.4423445631333881,7302
4,19,0.45601074546675624,7445
4,20,0.4452840750069969,7146
4,21,0.44141117177656447,4762
4,22,0.41597274791824373,2642
4,23,0.2774774774774775,555
5,5,0.051760506246957654,6163
5,6,0.0603185360894612,8853
5,7,0.09913178696384606,7717
5,8,0.1205837173579109,7812
5,9,0.14465308720560152,6284
5,10,0.19674776564051638,8056
5,11,0.22678121759739298,6751
5,12,0.28354396343102983,7438
5,13,0.32966878083157153,7095
5,14,0.36251941816127664,7081
5,15,0.3515815085158151,6576
5,16,0.4019360269360269,7128
5,17,0.3832752613240418,6888
5,18,0.4092178770949721,7160
5,19,0.39503056072282755,7526
5,20,0.3984589983489268,7268
5,21,0.3959462171382701,4983
5,22,0.35337294652219503,2861
5,23,0.21206581352833637,547
6,5,0.0635039223010833,5354
6,6,0.06256860592755215,7288
6,7,0.09130313199105146,7152
6,8,0.11281070745697896,6799
6,9,0.13639013017291626,5147
6,10,0.1652477320307048,7165
6,11,0.19415373511367737,5542
6,12,0.21053454204438887,6398
6,13,0.25277920301009066,5847
6,14,0.2665736217725052,5732
6,15,0.2878714859437751,6225
6,16,0.3188138716702965,5969
6,17,0.31788079470198677,6493
6,18,0.33243151843084207,5914
6,19,0.3614735226400614,5212
6,20,0.3594829507466013,4487
6,21,0.3473895582329317,2490
6,22,0.3379373848987109,1086
6,23,0.16122840690978887,521
7,5,0.056862056862056864,5698
7,6,0.06872809213820731,7988
7,7,0.08461739357534605,7658
7,8,0.10772866277453433,7194
7,9,0.1464699683877766,5694
7,10,0.15925828511309836,7604
7,11,0.2137715179968701,6390
7,12,0.2503315161337852,6787
7,13,0.2898594990836897,6548
7,14,0.34590500236705063,6337
7,15,0.3752917379803952,6427
7,16,0.41868564506359784,6604
7,17,0.4297878928626722,6459
7,18,0.4565032587135166,7058
7,19,0.4769388954171563,6808
7,20,0.4591734591734592,6993
7,21,0.4917073170731707,5125
7,22,0.5103969754253308,3174
7,23,0.2948960302457467,529
