Origin,Dest,flights,delay_rate,avg_delay_min,distance
ABQ,AUS,239,0.27615062761506276,9.334728033472803,619.0
ABQ,BNA,35,0.2857142857142857,12.628571428571428,1123.0
ABQ,BUR,77,0.3116883116883117,19.12987012987013,672.0
ABQ,BWI,94,0.07446808510638298,-3.4148936170212765,1670.0
ABQ,DAL,391,0.27877237851662406,11.560102301790282,580.0
ABQ,DEN,399,0.20802005012531327,4.268170426065163,349.0
ABQ,HOU,248,0.23387096774193547,5.370967741935484,759.0
ABQ,LAS,442,0.20361990950226244,3.916289592760181,486.0
ABQ,LAX,133,0.19548872180451127,4.105263157894737,677.0
ABQ,MDW,91,0.08791208791208792,-4.1098901098901095,1121.0
ABQ,OAK,90,0.17777777777777778,-1.288888888888889,889.0
ABQ,PHX,467,0.22269807280513917,6.188436830835117,328.0
ABQ,SAN,172,0.23255813953488372,7.9186046511627906,628.0
ALB,BNA,90,0.14444444444444443,-1.2777777777777777,825.0
ALB,BWI,454,0.09030837004405286,-5.97136563876652,288.0
ALB,DEN,33,0.5151515151515151,32.303030303030305,1610.0
ALB,MCO,166,0.14457831325301204,2.2289156626506026,1073.0
ALB,MDW,189,0.2222222222222222,3.740740740740741,717.0
ALB,TPA,76,0.11842105263157894,-6.223684210526316,1130.0
AMA,AUS,52,0.2692307692307692,10.673076923076923,419.0
AMA,DAL,307,0.20195439739413681,6.941368078175896,323.0
AMA,LAS,91,0.2087912087912088,5.615384615384615,759.0
ANC,DEN,47,0.40425531914893614,25.595744680851062,2405.0
ANC,LAS,47,0.3191489361702128,10.574468085106384,2304.0
ATL,AUS,250,0.176,2.288,813.0
ATL,BNA,239,0.26359832635983266,14.606694560669457,214.0
ATL,BWI,371,0.25336927223719674,14.272237196765499,577.0
ATL,CMH,60,0.35,15.0,447.0
ATL,DAL,343,0.30029154518950435,12.41399416909621,721.0
ATL,DCA,254,0.37401574803149606,22.992125984251967,547.0
ATL,DEN,259,0.28957528957528955,10.11969111969112,1199.0
ATL,HOU,355,0.22816901408450704,5.692957746478873,696.0
ATL,IND,59,0.3389830508474576,14.288135593220339,432.0
ATL,LAS,181,0.32044198895027626,10.193370165745856,1747.0
ATL,MCI,91,0.24175824175824176,6.8901098901098905,692.0
ATL,MCO,272,0.22794117647058823,12.014705882352942,404.0
ATL,MDW,362,0.3397790055248619,17.337016574585636,591.0
ATL,MSY,83,0.3614457831325301,14.891566265060241,425.0
ATL,PHX,159,0.3836477987421384,16.358490566037737,1587.0
ATL,PIT,53,0.32075471698113206,21.71698113207547,526.0
ATL,SAT,72,0.3055555555555556,7.416666666666667,874.0
ATL,STL,260,0.25384615384615383,7.365384615384615,484.0
ATL,TPA,181,0.2430939226519337,7.5911602209944755,406.0
AUS,ABQ,238,0.27310924369747897,9.453781512605042,619.0
AUS,AMA,51,0.11764705882352941,-1.5294117647058822,419.0
AUS,ATL,251,0.30278884462151395,10.139442231075698,813.0
AUS,BNA,525,0.34095238095238095,14.333333333333334,756.0
AUS,BOS,82,0.45121951219512196,20.70731707317073,1698.0
AUS,BUR,83,0.5180722891566265,27.55421686746988,1241.0
AUS,BWI,343,0.30612244897959184,10.41399416909621,1342.0
AUS,CHS,72,0.25,7.847222222222222,1055.0
AUS,CMH,83,0.24096385542168675,8.421686746987952,1073.0
AUS,DAL,591,0.2639593908629442,12.37901861252115,189.0
AUS,DCA,91,0.38461538461538464,16.384615384615383,1315.0
AUS,DEN,625,0.3312,12.88,775.0
AUS,ECP,95,0.3473684210526316,11.421052631578947,710.0
AUS,ELP,277,0.2996389891696751,11.306859205776174,528.0
AUS,FLL,92,0.4673913043478261,16.76086956521739,1105.0
AUS,HOU,279,0.4767025089605735,20.774193548387096,148.0
AUS,HRL,191,0.33507853403141363,17.75392670157068,273.0
AUS,IND,223,0.2914798206278027,11.829596412556054,919.0
AUS,JAX,83,0.2289156626506024,9.457831325301205,953.0
AUS,LAS,572,0.31643356643356646,13.307692307692308,1090.0
AUS,LAX,289,0.3460207612456747,16.28719723183391,1242.0
AUS,LBB,77,0.42857142857142855,27.038961038961038,341.0
AUS,LGB,91,0.4725274725274725,18.714285714285715,1226.0
AUS,MAF,76,0.2236842105263158,1.1710526315789473,294.0
AUS,MCI,238,0.2815126050420168,12.978991596638656,650.0
AUS,MCO,532,0.3101503759398496,14.274436090225564,994.0
AUS,MDW,379,0.2638522427440633,9.538258575197888,972.0
AUS,MIA,90,0.3111111111111111,9.866666666666667,1103.0
AUS,MKE,60,0.38333333333333336,14.0,1032.0
AUS,MSP,82,0.3780487804878049,10.085365853658537,1042.0
AUS,MSY,375,0.328,13.216,445.0
AUS,OAK,91,0.5824175824175825,22.725274725274726,1497.0
AUS,OKC,82,0.23170731707317074,8.817073170731707,358.0
AUS,ONT,83,0.30120481927710846,13.25301204819277,1196.0
AUS,ORD,56,0.25,18.321428571428573,977.0
AUS,PHX,534,0.28651685393258425,11.410112359550562,872.0
AUS,PIT,78,0.34615384615384615,14.923076923076923,1210.0
AUS,PNS,72,0.19444444444444445,4.430555555555555,626.0
AUS,RDU,141,0.3546099290780142,14.75177304964539,1162.0
AUS,RNO,52,0.34615384615384615,16.25,1405.0
AUS,SAN,379,0.40105540897097625,19.678100263852244,1164.0
AUS,SFO,109,0.6513761467889908,36.53211009174312,1504.0
AUS,SJC,291,0.36082474226804123,15.072164948453608,1476.0
AUS,SLC,106,0.46226415094339623,24.27358490566038,1086.0
AUS,SMF,91,0.37362637362637363,20.395604395604394,1481.0
AUS,SNA,83,0.4578313253012048,20.927710843373493,1209.0
AUS,STL,266,0.2669172932330827,8.406015037593985,721.0
AUS,TPA,294,0.272108843537415,11.748299319727892,928.0
AUS,TUL,78,0.5,26.05128205128205,426.0
BDL,BNA,91,0.14285714285714285,-0.08791208791208792,852.0
BDL,BWI,447,0.1342281879194631,-2.004474272930649,283.0
BDL,MCO,163,0.2085889570552147,4.914110429447852,1050.0
BDL,MDW,236,0.25,9.911016949152541,776.0
BDL,TPA,85,0.12941176470588237,-5.247058823529412,1111.0
BHM,BNA,180,0.20555555555555555,2.533333333333333,177.0
BHM,BWI,82,0.17073170731707318,4.390243902439025,682.0
BHM,DAL,254,0.2559055118110236,6.070866141732283,587.0
BHM,DEN,168,0.2857142857142857,9.232142857142858,1083.0
BHM,HOU,123,0.21951219512195122,6.073170731707317,570.0
BHM,LAS,91,0.18681318681318682,0.03296703296703297,1618.0
BHM,MCO,250,0.192,5.384,479.0
BHM,MDW,97,0.12371134020618557,-3.865979381443299,570.0
BHM,PHX,46,0.15217391304347827,-1.6304347826086956,1455.0
BHM,TPA,100,0.4,16.83,459.0
BNA,ABQ,35,0.42857142857142855,12.542857142857143,1123.0
BNA,ALB,91,0.25274725274725274,5.648351648351649,825.0
BNA,ATL,239,0.3472803347280335,13.556485355648535,214.0
BNA,AUS,538,0.2620817843866171,8.842007434944238,756.0
BNA,BDL,91,0.18681318681318682,5.0989010989010985,852.0
BNA,BHM,182,0.25824175824175827,6.395604395604396,177.0
BNA,BOS,267,0.4681647940074906,20.674157303370787,942.0
BNA,BUF,91,0.38461538461538464,18.428571428571427,633.0
BNA,BUR,87,0.45977011494252873,19.850574712643677,1791.0
BNA,BWI,463,0.2786177105831533,10.24622030237581,587.0
BNA,CHS,263,0.41825095057034223,19.079847908745247,439.0
BNA,CLE,257,0.33852140077821014,14.400778210116732,448.0
BNA,CLT,236,0.3177966101694915,14.64406779661017,328.0
BNA,CMH,277,0.2996389891696751,14.342960288808664,338.0
BNA,CVG,182,0.2857142857142857,11.26923076923077,230.0
BNA,DAL,612,0.34967320261437906,16.102941176470587,623.0
BNA,DCA,433,0.3279445727482679,13.321016166281755,562.0
BNA,DEN,547,0.3857404021937843,16.952468007312614,1013.0
BNA,DTW,258,0.4186046511627907,16.058139534883722,456.0
BNA,ECP,299,0.3277591973244147,14.163879598662207,401.0
BNA,FLL,340,0.24411764705882352,8.679411764705883,793.0
BNA,GSP,273,0.326007326007326,15.673992673992673,265.0
BNA,HOU,440,0.3181818181818182,10.55,670.0
BNA,IND,189,0.21164021164021163,7.1534391534391535,249.0
BNA,JAN,91,0.4945054945054945,18.373626373626372,327.0
BNA,JAX,291,0.3436426116838488,12.759450171821307,483.0
BNA,LAS,455,0.3626373626373626,15.52087912087912,1587.0
BNA,LAX,263,0.45627376425855515,18.068441064638783,1798.0
BNA,LGA,375,0.3546666666666667,14.149333333333333,764.0
BNA,LGB,91,0.5274725274725275,21.24175824175824,1785.0
BNA,LIT,182,0.22527472527472528,6.065934065934066,327.0
BNA,MCI,350,0.32571428571428573,10.968571428571428,491.0
BNA,MCO,716,0.33100558659217877,12.701117318435754,616.0
BNA,MDW,485,0.3628865979381443,13.587628865979381,395.0
BNA,MEM,181,0.34806629834254144,14.707182320441989,200.0
BNA,MIA,199,0.40703517587939697,17.035175879396984,806.0
BNA,MKE,258,0.37209302325581395,15.37984496124031,475.0
BNA,MSP,181,0.3259668508287293,10.38121546961326,695.0
BNA,MSY,357,0.30532212885154064,11.397759103641457,471.0
BNA,MYR,186,0.24193548387096775,12.06989247311828,471.0
BNA,OKC,180,0.31666666666666665,9.0,616.0
BNA,OMA,115,0.41739130434782606,16.556521739130435,612.0
BNA,ONT,91,0.43956043956043955,14.483516483516484,1751.0
BNA,ORD,64,0.296875,11.9375,409.0
BNA,ORF,115,0.1565217391304348,1.565217391304348,585.0
BNA,PBI,90,0.4,13.077777777777778,757.0
BNA,PHL,239,0.42677824267782427,21.14225941422594,675.0
BNA,PHX,461,0.3188720173535792,10.700650759219089,1449.0
BNA,PIT,260,0.36538461538461536,15.815384615384616,462.0
BNA,PNS,259,0.2972972972972973,11.1003861003861,391.0
BNA,PVD,99,0.2727272727272727,12.282828282828282,906.0
BNA,PWM,34,0.20588235294117646,4.147058823529412,1010.0
BNA,RDU,323,0.33746130030959753,13.021671826625386,442.0
BNA,RIC,111,0.3153153153153153,11.117117117117116,527.0
BNA,RSW,243,0.32098765432098764,11.934156378600823,722.0
BNA,SAN,297,0.37373737373737376,11.757575757575758,1751.0
BNA,SAT,259,0.28957528957528955,8.216216216216216,822.0
BNA,SAV,257,0.26848249027237353,9.062256809338521,417.0
BNA,SDF,183,0.30601092896174864,15.120218579234972,151.0
BNA,SFO,91,0.7582417582417582,51.08791208791209,1969.0
BNA,SLC,38,0.5789473684210527,31.81578947368421,1404.0
BNA,SMF,95,0.42105263157894735,19.431578947368422,1917.0
BNA,SRQ,178,0.4044943820224719,17.713483146067414,648.0
BNA,STL,331,0.2719033232628399,7.447129909365559,272.0
BNA,TPA,466,0.3669527896995708,16.88412017167382,612.0
BNA,TUL,182,0.1813186813186813,1.7967032967032968,515.0
BNA,TYS,182,0.27472527472527475,7.054945054945055,152.0
BNA,VPS,209,0.3157894736842105,12.5311004784689,389.0
BOI,DEN,276,0.2717391304347826,9.405797101449275,649.0
BOI,LAS,268,0.25,8.694029850746269,519.0
BOI,OAK,98,0.2653061224489796,11.479591836734693,512.0
BOI,PHX,189,0.21693121693121692,6.634920634920635,735.0
BOI,SAN,126,0.18253968253968253,2.3968253968253967,749.0
BOI,SJC,63,0.36507936507936506,13.26984126984127,523.0
BOI,SMF,213,0.215962441314554,5.103286384976526,437.0
BOS,AUS,82,0.2804878048780488,8.914634146341463,1698.0
BOS,BNA,268,0.417910447761194,23.87686567164179,942.0
BOS,BWI,640,0.228125,6.5453125,369.0
BOS,DAL,90,0.6,38.21111111111111,1554.0
BOS,DEN,209,0.3827751196172249,13.736842105263158,1754.0
BOS,MDW,378,0.2566137566137566,8.026455026455027,861.0
BOS,STL,246,0.24390243902439024,9.55691056910569,1047.0
BUF,BNA,91,0.17582417582417584,3.8131868131868134,633.0
BUF,BWI,449,0.12026726057906459,-1.665924276169265,281.0
BUF,DEN,43,0.5813953488372093,28.348837209302324,1359.0
BUF,LAS,67,0.08955223880597014,-9.835820895522389,1986.0
BUF,MCO,239,0.2217573221757322,7.422594142259414,1011.0
BUF,MDW,251,0.2350597609561753,11.099601593625499,468.0
BUF,TPA,162,0.20987654320987653,8.864197530864198,1053.0
BUR,ABQ,78,0.20512820512820512,1.3717948717948718,672.0
BUR,AUS,83,0.20481927710843373,1.144578313253012,1241.0
BUR,BNA,87,0.19540229885057472,7.183908045977011,1791.0
BUR,DAL,81,0.2222222222222222,4.654320987654321,1243.0
BUR,DEN,308,0.13636363636363635,-2.142857142857143,850.0
BUR,LAS,817,0.19828641370869032,3.0575275397796817,223.0
BUR,MDW,90,0.05555555555555555,-9.277777777777779,1740.0
BUR,OAK,640,0.1546875,-1.7375,325.0
BUR,PHX,554,0.14981949458483754,-0.9945848375451264,369.0
BUR,RNO,118,0.15254237288135594,-3.3220338983050848,374.0
BUR,SFO,252,0.7182539682539683,38.98809523809524,326.0
BUR,SJC,494,0.1680161943319838,-1.6538461538461537,296.0
BUR,SMF,644,0.15993788819875776,-1.8322981366459627,358.0
BUR,STS,66,0.3333333333333333,11.106060606060606,387.0
BWI,ABQ,95,0.3263157894736842,10.4,1670.0
BWI,ALB,452,0.18141592920353983,3.316371681415929,288.0
BWI,ATL,370,0.24324324324324326,7.975675675675675,577.0
BWI,AUS,334,0.2934131736526946,6.494011976047904,1342.0
BWI,BDL,448,0.19419642857142858,5.892857142857143,283.0
BWI,BHM,81,0.20987654320987653,2.0,682.0
BWI,BNA,465,0.24946236559139784,8.55483870967742,587.0
BWI,BOS,638,0.27586206896551724,9.11128526645768,369.0
BWI,BUF,449,0.24498886414253898,9.917594654788418,281.0
BWI,CHS,327,0.20795107033639143,3.596330275229358,472.0
BWI,CLE,258,0.29069767441860467,11.86046511627907,314.0
BWI,CLT,266,0.22556390977443608,4.7180451127819545,361.0
BWI,CMH,263,0.19391634980988592,5.85171102661597,337.0
BWI,CVG,181,0.23756906077348067,7.077348066298343,430.0
BWI,DAL,435,0.2896551724137931,11.250574712643678,1209.0
BWI,DEN,473,0.28752642706131076,8.556025369978858,1491.0
BWI,DTW,189,0.31216931216931215,19.925925925925927,409.0
BWI,FLL,533,0.2401500938086304,7.347091932457786,925.0
BWI,GRR,132,0.3181818181818182,13.416666666666666,528.0
BWI,GSP,181,0.20994475138121546,7.43646408839779,426.0
BWI,HOU,355,0.29014084507042254,9.67887323943662,1246.0
BWI,IND,326,0.254601226993865,11.726993865030675,516.0
BWI,ISP,358,0.23184357541899442,7.837988826815643,220.0
BWI,JAX,363,0.256198347107438,7.18732782369146,663.0
BWI,LAS,430,0.24651162790697675,5.844186046511628,2106.0
BWI,LAX,272,0.4338235294117647,20.845588235294116,2329.0
BWI,MCI,216,0.28703703703703703,12.064814814814815,966.0
BWI,MCO,947,0.18585005279831046,5.317845828933474,787.0
BWI,MDW,437,0.23569794050343248,10.151029748283753,611.0
BWI,MEM,69,0.14492753623188406,2.36231884057971,787.0
BWI,MHT,446,0.14798206278026907,1.2309417040358743,377.0
BWI,MIA,296,0.2905405405405405,13.033783783783784,946.0
BWI,MKE,202,0.3069306930693069,9.405940594059405,641.0
BWI,MSP,116,0.3706896551724138,18.99137931034483,936.0
BWI,MSY,269,0.31970260223048325,10.895910780669144,998.0
BWI,MYR,282,0.20567375886524822,5.340425531914893,399.0
BWI,ONT,91,0.43956043956043955,16.593406593406595,2283.0
BWI,ORF,383,0.24281984334203655,6.83289817232376,159.0
BWI,PBI,327,0.15902140672782875,1.165137614678899,883.0
BWI,PHX,328,0.29573170731707316,6.597560975609756,1999.0
BWI,PIT,273,0.2564102564102564,11.087912087912088,210.0
BWI,PVD,472,0.21822033898305085,4.74364406779661,327.0
BWI,PWM,326,0.22699386503067484,4.3496932515337425,452.0
BWI,RDU,447,0.17002237136465326,2.7248322147651005,256.0
BWI,RIC,181,0.292817679558011,12.243093922651934,120.0
BWI,ROC,271,0.2915129151291513,12.47970479704797,277.0
BWI,RSW,358,0.23184357541899442,6.189944134078212,919.0
BWI,SAN,310,0.34516129032258064,13.093548387096774,2295.0
BWI,SAT,178,0.3707865168539326,15.280898876404494,1407.0
BWI,SAV,272,0.16911764705882354,3.8970588235294117,548.0
BWI,SDF,234,0.2692307692307692,9.243589743589743,495.0
BWI,SFO,91,0.7142857142857143,40.956043956043956,2457.0
BWI,SJC,91,0.5054945054945055,23.142857142857142,2439.0
BWI,SJU,223,0.31390134529147984,15.609865470852018,1565.0
BWI,SLC,95,0.2736842105263158,11.421052631578947,1865.0
BWI,SMF,91,0.37362637362637363,15.32967032967033,2395.0
BWI,SRQ,328,0.1676829268292683,0.6280487804878049,880.0
BWI,STL,327,0.18042813455657492,2.8287461773700304,738.0
BWI,STT,30,0.23333333333333334,5.533333333333333,1598.0
BWI,TPA,627,0.22807017543859648,5.106858054226476,842.0
BWI,TYS,91,0.32967032967032966,21.252747252747252,464.0
BWI,VPS,91,0.17582417582417584,-0.6923076923076923,819.0
BZN,DEN,295,0.3050847457627119,10.935593220338983,524.0
BZN,LAS,118,0.17796610169491525,1.2118644067796611,701.0
CHS,AUS,72,0.3194444444444444,10.125,1055.0
CHS,BNA,263,0.2737642585551331,7.866920152091255,439.0
CHS,BWI,329,0.1945288753799392,4.802431610942249,472.0
CHS,DAL,90,0.3888888888888889,17.633333333333333,977.0
CHS,HOU,58,0.3448275862068966,7.4655172413793105,928.0
CHS,MDW,119,0.18487394957983194,0.8151260504201681,745.0
CHS,STL,84,0.17857142857142858,1.7142857142857142,706.0
CLE,BNA,257,0.1556420233463035,1.7470817120622568,448.0
CLE,BWI,259,0.12355212355212356,-4.7335907335907335,314.0
CLE,DEN,172,0.2616279069767442,8.633720930232558,1201.0
CLE,LAS,90,0.24444444444444444,13.266666666666667,1824.0
CLE,MCO,102,0.23529411764705882,12.833333333333334,895.0
CLE,MDW,280,0.17142857142857143,3.539285714285714,307.0
CLE,PHX,93,0.34408602150537637,10.634408602150538,1737.0
CLE,STL,168,0.19642857142857142,1.9404761904761905,487.0
CLT,BNA,236,0.3093220338983051,10.559322033898304,328.0
CLT,BWI,265,0.19622641509433963,6.962264150943396,361.0
CLT,DAL,88,0.2840909090909091,5.511363636363637,926.0
CLT,MDW,197,0.233502538071066,9.705583756345177,584.0
CLT,STL,31,0.0967741935483871,0.4838709677419355,575.0
CMH,ATL,60,0.21666666666666667,10.35,447.0
CMH,AUS,83,0.12048192771084337,0.03614457831325301,1073.0
CMH,BNA,282,0.19148936170212766,3.6560283687943262,338.0
CMH,BWI,260,0.13076923076923078,0.1576923076923077,337.0
CMH,DAL,145,0.23448275862068965,5.151724137931034,919.0
CMH,DCA,89,0.449438202247191,21.55056179775281,323.0
CMH,DEN,238,0.19327731092436976,6.571428571428571,1154.0
CMH,FLL,71,0.08450704225352113,-5.338028169014085,973.0
CMH,HOU,91,0.32967032967032966,10.043956043956044,1000.0
CMH,LAS,239,0.2217573221757322,6.7405857740585775,1771.0
CMH,MCO,367,0.2098092643051771,4.825613079019074,802.0
CMH,MDW,292,0.1952054794520548,7.034246575342466,283.0
CMH,MIA,65,0.1076923076923077,0.7692307692307693,990.0
CMH,PHX,142,0.34507042253521125,11.598591549295774,1670.0
CMH,RSW,122,0.16393442622950818,3.6311475409836067,930.0
CMH,SAN,64,0.5625,17.140625,1964.0
CMH,SRQ,68,0.20588235294117646,6.102941176470588,869.0
CMH,STL,168,0.15476190476190477,1.3511904761904763,409.0
CMH,TPA,238,0.14285714285714285,0.2689075630252101,829.0
COS,DAL,169,0.1952662721893491,3.0414201183431953,602.0
COS,DEN,282,0.2375886524822695,6.659574468085107,73.0
COS,HOU,90,0.13333333333333333,-7.166666666666667,829.0
COS,LAS,228,0.19736842105263158,4.8464912280701755,604.0
COS,PHX,261,0.19923371647509577,4.333333333333333,551.0
COS,SAN,53,0.4716981132075472,19.452830188679247,816.0
CRP,HOU,260,0.16923076923076924,-2.5576923076923075,187.0
CVG,BNA,182,0.24175824175824176,5.6923076923076925,230.0
CVG,BWI,181,0.1270718232044199,0.049723756906077346,430.0
CVG,DEN,91,0.25274725274725274,9.747252747252746,1069.0
CVG,MCO,73,0.1780821917808219,3.9863013698630136,757.0
CVG,MDW,180,0.25555555555555554,13.833333333333334,249.0
DAL,ABQ,391,0.3248081841432225,16.22250639386189,580.0
DAL,AMA,308,0.38636363636363635,16.558441558441558,323.0
DAL,ATL,346,0.37572254335260113,18.745664739884393,721.0
DAL,AUS,595,0.32100840336134456,13.38655462184874,189.0
DAL,BHM,253,0.37549407114624506,18.011857707509883,587.0
DAL,BNA,609,0.4121510673234811,23.54679802955665,623.0
DAL,BOS,91,0.18681318681318682,2.7032967032967035,1554.0
DAL,BUR,82,0.4268292682926829,33.390243902439025,1243.0
DAL,BWI,436,0.30045871559633025,16.155963302752294,1209.0
DAL,CHS,90,0.3333333333333333,20.011111111111113,977.0
DAL,CLT,89,0.5393258426966292,29.348314606741575,926.0
DAL,CMH,147,0.3333333333333333,21.959183673469386,919.0
DAL,COS,172,0.31976744186046513,18.96511627906977,602.0
DAL,DCA,428,0.3808411214953271,23.02102803738318,1184.0
DAL,DEN,760,0.37105263157894736,17.457894736842107,651.0
DAL,ECP,229,0.3799126637554585,18.087336244541486,674.0
DAL,ELP,429,0.3706293706293706,18.237762237762237,562.0
DAL,FLL,147,0.5102040816326531,28.19047619047619,1108.0
DAL,HOU,1004,0.3376494023904382,12.880478087649402,239.0
DAL,HRL,95,0.30526315789473685,20.736842105263158,458.0
DAL,IND,187,0.29411764705882354,19.294117647058822,755.0
DAL,JAX,91,0.6153846153846154,27.967032967032967,906.0
DAL,LAS,739,0.38159675236806495,18.49932341001353,1067.0
DAL,LAX,397,0.4357682619647355,20.884130982367758,1246.0
DAL,LBB,342,0.29239766081871343,10.947368421052632,293.0
DAL,LGA,408,0.4852941176470588,26.975490196078432,1381.0
DAL,LGB,101,0.5148514851485149,26.099009900990097,1232.0
DAL,LIT,258,0.4186046511627907,22.709302325581394,296.0
DAL,MAF,323,0.34674922600619196,15.386996904024768,319.0
DAL,MCI,518,0.3108108108108108,13.297297297297296,461.0
DAL,MCO,685,0.34014598540145985,14.96058394160584,973.0
DAL,MDW,525,0.3676190476190476,17.975238095238094,793.0
DAL,MEM,122,0.3360655737704918,14.89344262295082,423.0
DAL,MIA,117,0.3504273504273504,19.803418803418804,1109.0
DAL,MKE,93,0.3870967741935484,17.677419354838708,850.0
DAL,MSY,554,0.3176895306859206,14.633574007220217,437.0
DAL,OAK,109,0.4954128440366973,27.96330275229358,1468.0
DAL,OKC,180,0.31666666666666665,16.116666666666667,181.0
DAL,OMA,109,0.3761467889908257,17.137614678899084,586.0
DAL,ONT,97,0.4742268041237113,24.0,1200.0
DAL,ORD,63,0.36507936507936506,19.88888888888889,798.0
DAL,PDX,91,0.12087912087912088,3.934065934065934,1626.0
DAL,PHL,90,0.14444444444444443,3.2777777777777777,1295.0
DAL,PHX,711,0.35724331926863573,15.362869198312236,879.0
DAL,PIT,90,0.37777777777777777,21.822222222222223,1060.0
DAL,PNS,132,0.3939393939393939,19.068181818181817,592.0
DAL,RDU,97,0.4948453608247423,23.515463917525775,1052.0
DAL,SAN,396,0.3686868686868687,18.133838383838384,1182.0
DAL,SAT,718,0.3203342618384401,14.586350974930362,247.0
DAL,SAV,90,0.5333333333333333,30.58888888888889,915.0
DAL,SDF,85,0.43529411764705883,21.858823529411765,725.0
DAL,SEA,95,0.2736842105263158,11.957894736842105,1670.0
DAL,SFO,89,0.4157303370786517,26.685393258426966,1476.0
DAL,SJC,88,0.6363636363636364,30.34090909090909,1450.0
DAL,SLC,179,0.4022346368715084,19.067039106145252,999.0
DAL,SMF,179,0.39106145251396646,19.75418994413408,1442.0
DAL,SNA,91,0.45054945054945056,21.615384615384617,1216.0
DAL,STL,485,0.35051546391752575,19.076288659793814,546.0
DAL,TPA,328,0.3567073170731707,16.597560975609756,917.0
DAL,TUL,256,0.328125,13.92578125,237.0
DAL,TUS,46,0.5652173913043478,31.32608695652174,824.0
DAL,TYS,91,0.21978021978021978,2.4285714285714284,762.0
DAL,VPS,116,0.27586206896551724,11.517241379310345,630.0
DCA,ATL,256,0.26171875,12.62890625,547.0
DCA,AUS,91,0.5934065934065934,35.032967032967036,1315.0
DCA,BNA,427,0.3372365339578454,15.92271662763466,562.0
DCA,CMH,90,0.18888888888888888,7.044444444444444,323.0
DCA,DAL,425,0.33647058823529413,15.950588235294118,1184.0
DCA,FLL,91,0.43956043956043955,25.978021978021978,899.0
DCA,HOU,264,0.32954545454545453,14.598484848484848,1218.0
DCA,LAS,91,0.5054945054945055,35.79120879120879,2089.0
DCA,MCI,243,0.3333333333333333,17.271604938271604,949.0
DCA,MCO,273,0.25274725274725274,14.051282051282051,759.0
DCA,MDW,515,0.2543689320388349,10.49126213592233,601.0
DCA,MKE,173,0.18497109826589594,1.630057803468208,634.0
DCA,MSY,173,0.35260115606936415,19.809248554913296,969.0
DCA,OKC,81,0.4567901234567901,31.074074074074073,1158.0
DCA,OMA,91,0.5164835164835165,42.91208791208791,1012.0
DCA,PVD,167,0.2694610778443114,12.269461077844312,356.0
DCA,STL,352,0.26988636363636365,9.619318181818182,719.0
DCA,TPA,162,0.14814814814814814,-4.37037037037037,814.0
DEN,ABQ,400,0.2675,8.8775,349.0
DEN,ALB,35,0.37142857142857144,15.142857142857142,1610.0
DEN,ANC,47,0.6170212765957447,29.680851063829788,2405.0
DEN,ATL,258,0.4418604651162791,24.449612403100776,1199.0
DEN,AUS,615,0.2845528455284553,10.585365853658537,775.0
DEN,BHM,168,0.4226190476190476,19.68452380952381,1083.0
DEN,BNA,545,0.3467889908256881,14.974311926605505,1013.0
DEN,BOI,279,0.34767025089605735,12.910394265232975,649.0
DEN,BOS,209,0.47368421052631576,25.784688995215312,1754.0
DEN,BUF,43,0.4418604651162791,21.906976744186046,1359.0
DEN,BUR,312,0.2692307692307692,11.657051282051283,850.0
DEN,BWI,471,0.2929936305732484,8.583864118895965,1491.0
DEN,BZN,296,0.38175675675675674,16.2027027027027,524.0
DEN,CLE,172,0.4011627906976744,17.982558139534884,1201.0
DEN,CMH,240,0.5125,22.183333333333334,1154.0
DEN,COS,283,0.26501766784452296,8.169611307420494,73.0
DEN,CVG,91,0.32967032967032966,12.461538461538462,1069.0
DEN,DAL,759,0.3689064558629776,16.652173913043477,651.0
DEN,DSM,172,0.3372093023255814,19.098837209302324,589.0
DEN,DTW,172,0.5290697674418605,24.447674418604652,1123.0
DEN,ECP,95,0.42105263157894735,20.33684210526316,1250.0
DEN,ELP,204,0.38235294117647056,16.852941176470587,563.0
DEN,EUG,172,0.3372093023255814,15.55813953488372,996.0
DEN,FAT,90,0.35555555555555557,9.422222222222222,844.0
DEN,FLL,93,0.43010752688172044,22.462365591397848,1703.0
DEN,GEG,224,0.35714285714285715,14.714285714285714,836.0
DEN,GRR,90,0.3111111111111111,9.055555555555555,1015.0
DEN,HDN,96,0.28125,10.333333333333334,141.0
DEN,HOU,557,0.3393177737881508,11.807899461400359,883.0
DEN,IAD,127,0.4251968503937008,16.677165354330707,1452.0
DEN,ICT,170,0.3941176470588235,20.235294117647058,420.0
DEN,IND,368,0.26902173913043476,11.0625,976.0
DEN,JAX,96,0.4791666666666667,24.854166666666668,1446.0
DEN,LAS,853,0.28839390386869873,12.452520515826494,628.0
DEN,LAX,479,0.4321503131524008,20.643006263048015,862.0
DEN,LBB,89,0.449438202247191,24.853932584269664,456.0
DEN,LGA,399,0.37844611528822053,16.39097744360902,1620.0
DEN,LGB,272,0.26838235294117646,10.334558823529411,854.0
DEN,LIT,91,0.24175824175824176,8.87912087912088,771.0
DEN,MAF,90,0.5,27.866666666666667,563.0
DEN,MCI,603,0.33499170812603646,13.537313432835822,533.0
DEN,MCO,482,0.3029045643153527,8.800829875518673,1547.0
DEN,MDW,512,0.298828125,12.80078125,895.0
DEN,MEM,168,0.4107142857142857,20.363095238095237,872.0
DEN,MIA,74,0.3783783783783784,12.135135135135135,1709.0
DEN,MKE,304,0.29605263157894735,11.319078947368421,896.0
DEN,MSP,420,0.26666666666666666,8.338095238095239,680.0
DEN,MSY,287,0.3693379790940767,16.0801393728223,1062.0
DEN,MTJ,97,0.36082474226804123,19.0,197.0
DEN,OAK,397,0.4433249370277078,19.54911838790932,957.0
DEN,OKC,302,0.33774834437086093,16.334437086092716,495.0
DEN,OMA,345,0.3217391304347826,11.284057971014493,472.0
DEN,ONT,330,0.37272727272727274,14.187878787878788,819.0
DEN,ORD,64,0.46875,19.3125,888.0
DEN,PDX,374,0.45989304812834225,20.371657754010695,991.0
DEN,PHL,205,0.4292682926829268,19.204878048780486,1558.0
DEN,PHX,1065,0.29295774647887324,10.976525821596244,602.0
DEN,PIT,193,0.39896373056994816,21.40414507772021,1290.0
DEN,PNS,91,0.27472527472527475,10.175824175824175,1179.0
DEN,PSP,148,0.3716216216216216,16.97972972972973,776.0
DEN,RDU,185,0.43243243243243246,16.74054054054054,1436.0
DEN,RIC,81,0.43209876543209874,11.777777777777779,1481.0
DEN,RNO,271,0.4022140221402214,17.922509225092252,804.0
DEN,RSW,92,0.3695652173913043,19.304347826086957,1607.0
DEN,SAN,588,0.3554421768707483,15.620748299319727,853.0
DEN,SAT,391,0.329923273657289,10.695652173913043,794.0
DEN,SBA,78,0.48717948717948717,29.21794871794872,916.0
DEN,SDF,91,0.25274725274725274,6.593406593406593,1024.0
DEN,SEA,331,0.44108761329305135,18.90332326283988,1024.0
DEN,SFO,318,0.7421383647798742,47.874213836477985,967.0
DEN,SJC,357,0.47619047619047616,23.106442577030812,948.0
DEN,SLC,538,0.34944237918215615,14.12639405204461,391.0
DEN,SMF,481,0.4656964656964657,23.17047817047817,909.0
DEN,SNA,400,0.3225,11.2125,846.0
DEN,STL,579,0.2711571675302245,7.238341968911917,770.0
DEN,TPA,348,0.32471264367816094,12.591954022988507,1506.0
DEN,TUL,216,0.3888888888888889,17.25925925925926,541.0
DEN,TUS,301,0.3388704318936877,14.242524916943522,639.0
DEN,TYS,43,0.2558139534883721,6.976744186046512,1162.0
DSM,DEN,172,0.23837209302325582,12.377906976744185,589.0
DSM,LAS,91,0.24175824175824176,5.274725274725275,1216.0
DSM,MDW,172,0.16279069767441862,0.5523255813953488,306.0
DSM,PHX,38,0.3157894736842105,13.236842105263158,1149.0
DTW,BNA,257,0.24124513618677043,7.638132295719845,456.0
DTW,BWI,190,0.32105263157894737,11.278947368421052,409.0
DTW,DEN,172,0.25,8.575581395348838,1123.0
DTW,LAS,91,0.4725274725274725,20.318681318681318,1749.0
DTW,MDW,257,0.311284046692607,14.926070038910506,228.0
DTW,STL,179,0.2737430167597765,5.4581005586592175,440.0
ECP,AUS,95,0.28421052631578947,12.105263157894736,710.0
ECP,BNA,301,0.2956810631229236,12.066445182724253,401.0
ECP,DAL,223,0.28699551569506726,9.690582959641256,674.0
ECP,DEN,93,0.27956989247311825,9.473118279569892,1250.0
ECP,HOU,120,0.275,4.766666666666667,570.0
ECP,MCI,49,0.1836734693877551,-1.530612244897959,797.0
ECP,MDW,66,0.2727272727272727,6.075757575757576,795.0
ECP,STL,125,0.264,9.08,634.0
ELP,AUS,272,0.28308823529411764,10.522058823529411,528.0
ELP,DAL,425,0.2823529411764706,9.510588235294117,562.0
ELP,DEN,205,0.33658536585365856,16.01951219512195,563.0
ELP,HOU,265,0.16226415094339622,1.5169811320754718,677.0
ELP,LAS,278,0.26618705035971224,8.971223021582734,584.0
ELP,LAX,130,0.3,11.784615384615385,715.0
ELP,PHX,307,0.254071661237785,5.006514657980456,347.0
ELP,SAN,86,0.22093023255813954,4.941860465116279,636.0
ELP,SAT,182,0.25274725274725274,5.917582417582418,496.0
EUG,DEN,171,0.30409356725146197,13.801169590643275,996.0
EUG,LAS,91,0.2857142857142857,9.725274725274724,700.0
EUG,SAN,71,0.2676056338028169,2.591549295774648,850.0
EUG,SJC,90,0.3,12.644444444444444,471.0
EUG,SMF,91,0.054945054945054944,-9.483516483516484,384.0
FAT,DEN,90,0.25555555555555554,6.0777777777777775,844.0
FAT,LAS,264,0.14772727272727273,-3.742424242424242,259.0
FAT,SAN,169,0.30177514792899407,12.04733727810651,314.0
FLL,AUS,92,0.30434782608695654,12.076086956521738,1105.0
FLL,BNA,339,0.36283185840707965,13.864306784660767,793.0
FLL,BWI,534,0.2940074906367041,12.649812734082397,925.0
FLL,CMH,71,0.5070422535211268,26.169014084507044,973.0
FLL,DAL,142,0.3591549295774648,11.112676056338028,1108.0
FLL,DCA,90,0.26666666666666666,7.322222222222222,899.0
FLL,DEN,93,0.3118279569892473,9.75268817204301,1703.0
FLL,HOU,190,0.39473684210526316,18.726315789473684,957.0
FLL,IND,102,0.38235294117647056,18.84313725490196,1005.0
FLL,MCI,99,0.2727272727272727,6.666666666666667,1242.0
FLL,MCO,142,0.1267605633802817,3.4507042253521125,177.0
FLL,MDW,280,0.29285714285714287,13.178571428571429,1167.0
FLL,MSY,96,0.3958333333333333,16.416666666666668,673.0
FLL,PIT,97,0.31958762886597936,17.783505154639176,994.0
FLL,RDU,30,0.36666666666666664,16.4,680.0
FLL,SJU,42,0.2857142857142857,9.80952380952381,1046.0
FLL,STL,195,0.24615384615384617,6.1692307692307695,1057.0
FLL,TPA,91,0.0989010989010989,-1.7582417582417582,197.0
GEG,DEN,224,0.23214285714285715,3.799107142857143,836.0
GEG,LAS,183,0.1366120218579235,-1.0874316939890711,806.0
GEG,OAK,86,0.13953488372093023,-1.1395348837209303,723.0
GEG,PHX,173,0.15028901734104047,0.7109826589595376,1020.0
GEG,SJC,56,0.25,5.178571428571429,742.0
GEG,SMF,149,0.14093959731543623,-1.9865771812080537,649.0
GRR,BWI,132,0.12121212121212122,-2.659090909090909,528.0
GRR,DEN,90,0.43333333333333335,17.07777777777778,1015.0
GRR,MDW,259,0.2084942084942085,1.162162162162162,137.0
GSP,BNA,272,0.20955882352941177,2.3676470588235294,265.0
GSP,BWI,182,0.09340659340659341,-3.9065934065934065,426.0
HDN,DEN,97,0.26804123711340205,-0.26804123711340205,141.0
HNL,ITO,458,0.09170305676855896,-1.1200873362445414,216.0
HNL,KOA,441,0.10884353741496598,-2.430839002267574,163.0
HNL,LAS,271,0.055350553505535055,-9.158671586715867,2762.0
HNL,LAX,181,0.13259668508287292,-2.856353591160221,2556.0
HNL,LGB,89,0.15730337078651685,-1.1123595505617978,2569.0
HNL,LIH,441,0.061224489795918366,-4.678004535147393,102.0
HNL,OAK,91,0.13186813186813187,5.175824175824176,2409.0
HNL,OGG,714,0.10224089635854341,-2.750700280112045,101.0
HNL,PHX,90,0.06666666666666667,-8.311111111111112,2917.0
HNL,SAN,181,0.09944751381215469,-3.303867403314917,2614.0
HNL,SJC,118,0.0847457627118644,-2.7033898305084745,2417.0
HNL,SMF,91,0.15384615384615385,3.32967032967033,2462.0
HOU,ABQ,251,0.21912350597609562,6.561752988047809,759.0
HOU,ATL,358,0.31564245810055863,12.427374301675977,696.0
HOU,AUS,285,0.37894736842105264,16.53684210526316,148.0
HOU,BHM,122,0.3360655737704918,9.639344262295081,570.0
HOU,BNA,443,0.2799097065462754,10.349887133182845,670.0
HOU,BWI,362,0.27071823204419887,6.538674033149171,1246.0
HOU,CHS,58,0.3275862068965517,13.931034482758621,928.0
HOU,CMH,91,0.17582417582417584,7.318681318681318,1000.0
HOU,COS,91,0.3076923076923077,7.967032967032967,829.0
HOU,CRP,260,0.2923076923076923,8.596153846153847,187.0
HOU,DAL,1000,0.236,6.856,239.0
HOU,DCA,263,0.3231939163498099,13.12167300380228,1218.0
HOU,DEN,556,0.26258992805755393,5.642086330935252,883.0
HOU,ECP,121,0.4380165289256198,16.115702479338843,570.0
HOU,ELP,267,0.3595505617977528,12.97003745318352,677.0
HOU,FLL,190,0.4789473684210526,20.626315789473683,957.0
HOU,HRL,264,0.32575757575757575,12.386363636363637,277.0
HOU,IND,137,0.3284671532846715,13.81021897810219,861.0
HOU,JAN,182,0.2692307692307692,7.846153846153846,359.0
HOU,JAX,91,0.4175824175824176,18.21978021978022,815.0
HOU,LAS,480,0.27708333333333335,10.291666666666666,1235.0
HOU,LAX,291,0.436426116838488,18.31615120274914,1390.0
HOU,LBB,93,0.27956989247311825,8.32258064516129,474.0
HOU,LGA,335,0.4537313432835821,28.202985074626866,1428.0
HOU,LGB,90,0.17777777777777778,6.355555555555555,1374.0
HOU,MAF,337,0.22255192878338279,6.56973293768546,441.0
HOU,MCI,268,0.2798507462686567,8.58955223880597,666.0
HOU,MCO,540,0.2351851851851852,6.542592592592593,849.0
HOU,MDW,462,0.35714285714285715,18.36796536796537,937.0
HOU,MEM,223,0.30493273542600896,11.672645739910314,484.0
HOU,MIA,99,0.6464646464646465,29.98989898989899,955.0
HOU,MSY,579,0.2003454231433506,3.694300518134715,303.0
HOU,OAK,91,0.21978021978021978,6.967032967032967,1642.0
HOU,OKC,286,0.32867132867132864,13.783216783216783,419.0
HOU,OMA,95,0.11578947368421053,-2.6315789473684212,804.0
HOU,ONT,90,0.28888888888888886,12.955555555555556,1345.0
HOU,PHX,539,0.3172541743970315,12.068645640074212,1020.0
HOU,PIT,89,0.2696629213483146,7.01123595505618,1131.0
HOU,PNS,98,0.3877551020408163,19.051020408163264,488.0
HOU,RDU,97,0.3711340206185567,16.47422680412371,1050.0
HOU,SAN,256,0.359375,14.265625,1313.0
HOU,SAT,291,0.31958762886597936,14.594501718213058,192.0
HOU,SAV,57,0.07017543859649122,-2.736842105263158,853.0
HOU,SDF,92,0.32608695652173914,11.467391304347826,803.0
HOU,SJC,90,0.12222222222222222,3.0555555555555554,1621.0
HOU,SJU,36,0.4722222222222222,27.38888888888889,1997.0
HOU,SLC,101,0.31683168316831684,9.881188118811881,1214.0
HOU,SMF,91,0.3956043956043956,19.53846153846154,1624.0
HOU,STL,392,0.2627551020408163,7.790816326530612,687.0
HOU,TPA,265,0.3169811320754717,11.520754716981132,781.0
HOU,TUL,122,0.30327868852459017,9.532786885245901,453.0
HOU,VPS,90,0.28888888888888886,9.71111111111111,527.0
HRL,AUS,190,0.23684210526315788,13.557894736842105,273.0
HRL,DAL,95,0.2,9.063157894736841,458.0
HRL,HOU,264,0.2689393939393939,7.837121212121212,277.0
IAD,DEN,127,0.2755905511811024,8.511811023622048,1452.0
IAD,PHX,64,0.265625,6.171875,1956.0
ICT,DEN,172,0.2616279069767442,7.546511627906977,420.0
ICT,LAS,91,0.2967032967032967,4.945054945054945,986.0
ICT,MDW,174,0.13793103448275862,-2.4655172413793105,589.0
ICT,PHX,37,0.1891891891891892,-4.648648648648648,870.0
IND,ATL,59,0.2033898305084746,11.508474576271187,432.0
IND,AUS,222,0.1891891891891892,2.373873873873874,919.0
IND,BNA,190,0.24736842105263157,6.821052631578947,249.0
IND,BWI,324,0.12654320987654322,-1.2345679012345678,516.0
IND,DAL,185,0.20540540540540542,4.394594594594595,755.0
IND,DEN,370,0.25405405405405407,8.95945945945946,976.0
IND,FLL,103,0.14563106796116504,-2.2233009708737863,1005.0
IND,HOU,138,0.18115942028985507,0.17391304347826086,861.0
IND,LAS,323,0.26006191950464397,9.458204334365325,1590.0
IND,MCI,80,0.175,3.375,451.0
IND,MCO,423,0.21749408983451538,8.08983451536643,829.0
IND,MDW,183,0.2568306010928962,8.437158469945356,162.0
IND,MIA,49,0.16326530612244897,0.24489795918367346,1020.0
IND,PHX,236,0.21610169491525424,3.3220338983050848,1489.0
IND,RSW,181,0.16022099447513813,2.5580110497237567,945.0
IND,SAN,63,0.2857142857142857,13.857142857142858,1782.0
IND,SRQ,30,0.13333333333333333,0.36666666666666664,876.0
IND,TPA,229,0.23580786026200873,8.131004366812228,837.0
ISP,BWI,358,0.11452513966480447,-2.7318435754189943,220.0
ISP,MCO,182,0.25824175824175827,9.785714285714286,971.0
ISP,PBI,98,0.23469387755102042,7.510204081632653,1052.0
ITO,HNL,459,0.05010893246187364,-7.041394335511982,216.0
JAN,BNA,90,0.2777777777777778,6.444444444444445,327.0
JAN,HOU,182,0.1978021978021978,1.5274725274725274,359.0
JAX,AUS,83,0.4457831325301205,20.72289156626506,953.0
JAX,BNA,298,0.23825503355704697,9.043624161073826,483.0
JAX,BWI,358,0.2709497206703911,7.614525139664805,663.0
JAX,DAL,89,0.4157303370786517,28.10112359550562,906.0
JAX,DEN,96,0.375,18.59375,1446.0
JAX,HOU,90,0.12222222222222222,-1.8666666666666667,815.0
JAX,MDW,114,0.15789473684210525,2.526315789473684,848.0
JAX,STL,115,0.13043478260869565,-1.1304347826086956,753.0
KOA,HNL,439,0.025056947608200455,-9.013667425968109,163.0
KOA,LAS,91,0.03296703296703297,-20.285714285714285,2718.0
KOA,OGG,91,0.03296703296703297,-11.483516483516484,84.0
KOA,SMF,91,0.054945054945054944,-12.692307692307692,2435.0
LAS,ABQ,441,0.2766439909297052,9.723356009070296,486.0
LAS,AMA,91,0.16483516483516483,-1.0,759.0
LAS,ANC,46,0.5652173913043478,26.934782608695652,2304.0
LAS,ATL,182,0.21978021978021978,4.664835164835165,1747.0
LAS,AUS,576,0.3211805555555556,12.085069444444445,1090.0
LAS,BHM,91,0.24175824175824176,6.670329670329671,1618.0
LAS,BNA,469,0.29850746268656714,8.552238805970148,1587.0
LAS,BOI,268,0.3582089552238806,13.98134328358209,519.0
LAS,BUF,67,0.3582089552238806,15.985074626865671,1986.0
LAS,BUR,809,0.22249690976514216,4.729295426452411,223.0
LAS,BWI,431,0.25754060324825984,6.5429234338747095,2106.0
LAS,BZN,118,0.3813559322033898,17.43220338983051,701.0
LAS,CLE,91,0.34065934065934067,8.43956043956044,1824.0
LAS,CMH,238,0.28991596638655465,10.352941176470589,1771.0
LAS,COS,229,0.2794759825327511,12.663755458515285,604.0
LAS,DAL,730,0.3452054794520548,15.517808219178082,1067.0
LAS,DCA,90,0.2777777777777778,1.3222222222222222,2089.0
LAS,DEN,839,0.300357568533969,10.847437425506556,628.0
LAS,DSM,91,0.2087912087912088,-0.32967032967032966,1216.0
LAS,DTW,91,0.38461538461538464,10.659340659340659,1749.0
LAS,ELP,279,0.33691756272401435,11.763440860215054,584.0
LAS,EUG,91,0.26373626373626374,4.1208791208791204,700.0
LAS,FAT,262,0.33969465648854963,13.007633587786259,259.0
LAS,GEG,181,0.3314917127071823,10.613259668508288,806.0
LAS,HNL,272,0.17647058823529413,-1.7205882352941178,2762.0
LAS,HOU,478,0.29707112970711297,10.98744769874477,1235.0
LAS,ICT,91,0.31868131868131866,8.351648351648352,986.0
LAS,IND,323,0.30340557275541796,13.25077399380805,1590.0
LAS,KOA,91,0.17582417582417584,-2.7032967032967035,2718.0
LAS,LAX,622,0.3553054662379421,13.644694533762058,236.0
LAS,LBB,91,0.14285714285714285,-1.2527472527472527,775.0
LAS,LGB,461,0.26898047722342733,5.158351409978308,231.0
LAS,LIH,91,0.16483516483516483,-2.3846153846153846,2817.0
LAS,LIT,91,0.26373626373626374,4.9010989010989015,1294.0
LAS,MAF,91,0.21978021978021978,2.6483516483516483,795.0
LAS,MCI,451,0.30376940133037694,8.2549889135255,1139.0
LAS,MCO,279,0.34408602150537637,9.99641577060932,2039.0
LAS,MDW,583,0.27958833619210977,8.111492281303603,1521.0
LAS,MEM,78,0.3717948717948718,15.474358974358974,1416.0
LAS,MKE,265,0.30943396226415093,8.324528301886792,1524.0
LAS,MSY,201,0.30845771144278605,11.129353233830846,1500.0
LAS,OAK,828,0.37318840579710144,15.714975845410628,407.0
LAS,OGG,92,0.13043478260869565,-3.7717391304347827,2695.0
LAS,OKC,268,0.2947761194029851,8.361940298507463,986.0
LAS,OMA,269,0.26765799256505574,7.397769516728625,1099.0
LAS,ONT,430,0.27906976744186046,8.755813953488373,197.0
LAS,ORD,137,0.43795620437956206,20.37956204379562,1514.0
LAS,PDX,299,0.36454849498327757,18.54515050167224,763.0
LAS,PHX,891,0.25925925925925924,6.9539842873176205,255.0
LAS,PIT,170,0.3411764705882353,12.341176470588236,1910.0
LAS,PSP,209,0.2822966507177033,11.138755980861244,173.0
LAS,RDU,71,0.28169014084507044,11.450704225352112,2026.0
LAS,RNO,885,0.23502824858757063,5.146892655367232,345.0
LAS,SAN,950,0.4336842105263158,19.18,258.0
LAS,SAT,403,0.337468982630273,12.746898263027296,1069.0
LAS,SBA,228,0.25,4.517543859649122,289.0
LAS,SDF,92,0.32608695652173914,13.097826086956522,1624.0
LAS,SEA,271,0.3874538745387454,12.88929889298893,867.0
LAS,SFO,329,0.756838905775076,45.735562310030396,414.0
LAS,SJC,833,0.27490996398559425,7.567827130852341,386.0
LAS,SLC,377,0.32891246684350134,11.018567639257295,368.0
LAS,SMF,885,0.2790960451977401,9.87909604519774,397.0
LAS,SNA,634,0.25709779179810727,8.184542586750789,226.0
LAS,STL,442,0.248868778280543,8.296380090497738,1371.0
LAS,STS,84,0.25,4.773809523809524,454.0
LAS,TPA,249,0.39357429718875503,18.080321285140563,1984.0
LAS,TUL,151,0.33774834437086093,11.019867549668874,1076.0
LAS,TUS,296,0.28378378378378377,8.891891891891891,364.0
LAX,ABQ,133,0.2857142857142857,5.669172932330827,677.0
LAX,AUS,289,0.3771626297577855,20.110726643598618,1242.0
LAX,BNA,262,0.3015267175572519,7.396946564885496,1798.0
LAX,BWI,264,0.25757575757575757,4.96969696969697,2329.0
LAX,DAL,395,0.4430379746835443,18.954430379746835,1246.0
LAX,DEN,476,0.28991596638655465,10.002100840336135,862.0
LAX,ELP,130,0.3153846153846154,12.069230769230769,715.0
LAX,HNL,181,0.3370165745856354,13.060773480662984,2556.0
LAX,HOU,290,0.35517241379310344,13.448275862068966,1390.0
LAX,LAS,615,0.34796747967479674,14.154471544715447,236.0
LAX,MCI,154,0.35064935064935066,15.818181818181818,1363.0
LAX,MCO,91,0.21978021978021978,1.3406593406593406,2218.0
LAX,MDW,316,0.2626582278481013,6.787974683544304,1751.0
LAX,MSY,78,0.41025641025641024,21.564102564102566,1671.0
LAX,OAK,507,0.2978303747534517,7.88560157790927,337.0
LAX,PHX,487,0.324435318275154,13.408624229979466,370.0
LAX,RNO,61,0.3442622950819672,12.37704918032787,390.0
LAX,SAT,91,0.45054945054945056,21.98901098901099,1211.0
LAX,SFO,361,0.6565096952908587,39.96675900277008,337.0
LAX,SJC,482,0.2697095435684647,6.016597510373444,308.0
LAX,SLC,90,0.32222222222222224,7.033333333333333,590.0
LAX,SMF,428,0.29906542056074764,13.408878504672897,373.0
LAX,STL,144,0.3055555555555556,13.541666666666666,1592.0
LAX,TPA,91,0.4175824175824176,16.285714285714285,2158.0
LAX,TUS,137,0.4306569343065693,18.562043795620436,451.0
LBB,AUS,79,0.05063291139240506,-7.291139240506329,341.0
LBB,DAL,344,0.20930232558139536,9.107558139534884,293.0
LBB,DEN,91,0.03296703296703297,-6.472527472527473,456.0
LBB,HOU,93,0.20430107526881722,3.043010752688172,474.0
LBB,LAS,91,0.2857142857142857,12.263736263736265,775.0
LGA,BNA,371,0.3881401617250674,16.57412398921833,764.0
LGA,DAL,413,0.29782082324455206,15.14769975786925,1381.0
LGA,DEN,399,0.41604010025062654,21.05263157894737,1620.0
LGA,HOU,340,0.3323529411764706,9.623529411764705,1428.0
LGA,MCI,241,0.3360995850622407,14.078838174273859,1107.0
LGA,MDW,580,0.30517241379310345,13.372413793103448,725.0
LGA,MSY,81,0.5432098765432098,28.679012345679013,1183.0
LGA,OMA,81,0.35802469135802467,20.358024691358025,1148.0
LGA,STL,343,0.26239067055393583,11.037900874635568,888.0
LGB,AUS,91,0.16483516483516483,4.087912087912088,1226.0
LGB,BNA,91,0.07692307692307693,-4.021978021978022,1785.0
LGB,DAL,98,0.17346938775510204,1.336734693877551,1232.0
LGB,DEN,272,0.17647058823529413,2.672794117647059,854.0
LGB,HNL,91,0.13186813186813187,1.10989010989011,2569.0
LGB,HOU,91,0.2857142857142857,4.835164835164835,1374.0
LGB,LAS,459,0.20261437908496732,2.4880174291938997,231.0
LGB,MDW,72,0.25,3.4305555555555554,1741.0
LGB,OAK,350,0.12,-5.1657142857142855,353.0
LGB,PHX,358,0.26536312849162014,6.4525139664804465,355.0
LGB,RNO,153,0.17647058823529413,-1.6928104575163399,402.0
LGB,SJC,345,0.16231884057971013,-0.16521739130434782,324.0
LGB,SLC,128,0.2109375,1.5859375,588.0
LGB,SMF,428,0.13551401869158877,-2.4626168224299065,387.0
LIH,HNL,440,0.045454545454545456,-8.245454545454546,102.0
LIH,LAS,90,0.011111111111111112,-21.08888888888889,2817.0
LIH,OAK,91,0.03296703296703297,-17.571428571428573,2456.0
LIH,OGG,91,0.16483516483516483,-1.5384615384615385,202.0
LIT,BNA,182,0.21978021978021978,10.631868131868131,327.0
LIT,DAL,258,0.24806201550387597,10.856589147286822,296.0
LIT,DEN,90,0.2111111111111111,6.233333333333333,771.0
LIT,LAS,91,0.25274725274725274,12.791208791208792,1294.0
MAF,AUS,76,0.19736842105263158,2.9342105263157894,294.0
MAF,DAL,319,0.13166144200626959,0.6520376175548589,319.0
MAF,DEN,91,0.02197802197802198,-12.736263736263735,563.0
MAF,HOU,338,0.1863905325443787,2.863905325443787,441.0
MAF,LAS,91,0.31868131868131866,5.989010989010989,795.0
MCI,ATL,91,0.21978021978021978,6.934065934065934,692.0
MCI,AUS,237,0.21940928270042195,4.780590717299578,650.0
MCI,BNA,349,0.24355300859598855,7.3724928366762175,491.0
MCI,BWI,218,0.1926605504587156,5.463302752293578,966.0
MCI,DAL,515,0.23689320388349513,8.178640776699028,461.0
MCI,DCA,244,0.3483606557377049,15.40983606557377,949.0
MCI,DEN,601,0.26788685524126454,10.843594009983361,533.0
MCI,ECP,49,0.20408163265306123,3.836734693877551,797.0
MCI,FLL,100,0.28,4.38,1242.0
MCI,HOU,271,0.22509225092250923,1.3321033210332103,666.0
MCI,IND,81,0.2222222222222222,7.37037037037037,451.0
MCI,LAS,460,0.26521739130434785,6.73695652173913,1139.0
MCI,LAX,152,0.3815789473684211,20.651315789473685,1363.0
MCI,LGA,248,0.2701612903225806,9.72983870967742,1107.0
MCI,MCO,331,0.2719033232628399,11.208459214501511,1072.0
MCI,MDW,538,0.23048327137546468,7.161710037174721,404.0
MCI,MIA,76,0.14473684210526316,-4.0131578947368425,1251.0
MCI,MKE,85,0.3058823529411765,10.670588235294117,436.0
MCI,MSY,95,0.30526315789473685,9.947368421052632,690.0
MCI,PHX,415,0.2385542168674699,8.780722891566265,1044.0
MCI,PNS,94,0.1702127659574468,-1.6914893617021276,743.0
MCI,SAN,96,0.3645833333333333,11.65625,1334.0
MCI,SAT,86,0.2558139534883721,3.3488372093023258,706.0
MCI,STL,262,0.18702290076335878,2.816793893129771,237.0
MCI,TPA,191,0.2356020942408377,5.361256544502618,1048.0
MCO,ALB,167,0.25748502994011974,10.874251497005988,1073.0
MCO,ATL,271,0.3173431734317343,15.501845018450185,404.0
MCO,AUS,533,0.27392120075046905,9.776735459662289,994.0
MCO,BDL,162,0.25925925925925924,10.919753086419753,1050.0
MCO,BHM,250,0.252,7.08,479.0
MCO,BNA,714,0.26750700280112044,9.764705882352942,616.0
MCO,BUF,236,0.3855932203389831,13.665254237288135,1011.0
MCO,BWI,939,0.23855165069222578,6.018104366347178,787.0
MCO,CLE,103,0.17475728155339806,3.1067961165048543,895.0
MCO,CMH,374,0.24064171122994651,6.310160427807487,802.0
MCO,CVG,76,0.3684210526315789,18.789473684210527,757.0
MCO,DAL,686,0.3206997084548105,12.790087463556851,973.0
MCO,DCA,274,0.3284671532846715,13.587591240875913,759.0
MCO,DEN,487,0.26899383983572894,6.560574948665297,1547.0
MCO,FLL,141,0.3475177304964539,12.113475177304965,177.0
MCO,HOU,537,0.26256983240223464,7.715083798882682,849.0
MCO,IND,422,0.24644549763033174,7.64218009478673,829.0
MCO,ISP,180,0.2833333333333333,10.466666666666667,971.0
MCO,LAS,270,0.2962962962962963,10.781481481481482,2039.0
MCO,LAX,91,0.32967032967032966,18.45054945054945,2218.0
MCO,MCI,332,0.3042168674698795,10.545180722891565,1072.0
MCO,MDW,606,0.29372937293729373,15.016501650165017,990.0
MCO,MEM,116,0.22413793103448276,7.344827586206897,684.0
MCO,MHT,157,0.20382165605095542,7.063694267515924,1142.0
MCO,MIA,138,0.39855072463768115,17.166666666666668,192.0
MCO,MKE,295,0.3016949152542373,9.515254237288136,1066.0
MCO,MSY,460,0.26521739130434785,11.941304347826087,551.0
MCO,OKC,94,0.3191489361702128,12.957446808510639,1069.0
MCO,OMA,96,0.3541666666666667,14.572916666666666,1211.0
MCO,ORD,187,0.34759358288770054,15.588235294117647,1005.0
MCO,ORF,92,0.34782608695652173,16.206521739130434,655.0
MCO,PBI,140,0.37857142857142856,14.964285714285714,141.0
MCO,PHL,165,0.3393939393939394,14.224242424242425,862.0
MCO,PHX,192,0.234375,7.96875,1849.0
MCO,PIT,457,0.2188183807439825,5.857768052516412,834.0
MCO,PVD,241,0.17012448132780084,3.1742738589211617,1072.0
MCO,RDU,207,0.28019323671497587,11.884057971014492,534.0
MCO,RIC,65,0.5076923076923077,29.107692307692307,667.0
MCO,ROC,90,0.3,11.166666666666666,1033.0
MCO,RSW,140,0.44285714285714284,16.521428571428572,133.0
MCO,SAN,162,0.3148148148148148,11.314814814814815,2149.0
MCO,SAT,204,0.2647058823529412,8.622549019607844,1041.0
MCO,SDF,190,0.26842105263157895,7.005263157894737,719.0
MCO,SJU,553,0.2965641952983725,11.969258589511755,1188.0
MCO,SMF,90,0.18888888888888888,5.277777777777778,2408.0
MCO,SRQ,138,0.38405797101449274,20.02173913043478,104.0
MCO,STL,543,0.21731123388581952,4.41804788213628,882.0
MCO,STT,91,0.07692307692307693,-2.2967032967032965,1246.0
MCO,TUL,80,0.475,23.0875,1006.0
MCO,TYS,91,0.21978021978021978,11.835164835164836,532.0
MDW,ABQ,90,0.26666666666666666,4.444444444444445,1121.0
MDW,ALB,191,0.2617801047120419,9.413612565445026,717.0
MDW,ATL,368,0.29347826086956524,9.078804347826088,591.0
MDW,AUS,382,0.27486910994764396,8.63089005235602,972.0
MDW,BDL,237,0.24472573839662448,7.523206751054852,776.0
MDW,BHM,97,0.27835051546391754,7.381443298969073,570.0
MDW,BNA,482,0.23443983402489627,7.686721991701245,395.0
MDW,BOS,383,0.3237597911227154,13.955613577023499,861.0
MDW,BUF,251,0.2350597609561753,8.266932270916335,468.0
MDW,BUR,89,0.20224719101123595,5.157303370786517,1740.0
MDW,BWI,442,0.22850678733031674,6.911764705882353,611.0
MDW,CHS,118,0.3220338983050847,12.542372881355933,745.0
MDW,CLE,279,0.1971326164874552,5.03584229390681,307.0
MDW,CLT,201,0.24378109452736318,7.1393034825870645,584.0
MDW,CMH,291,0.1958762886597938,1.9518900343642611,283.0
MDW,CVG,178,0.2303370786516854,5.668539325842697,249.0
MDW,DAL,526,0.27566539923954375,9.452471482889734,793.0
MDW,DCA,517,0.3346228239845261,14.297872340425531,601.0
MDW,DEN,536,0.2947761194029851,12.832089552238806,895.0
MDW,DSM,173,0.28901734104046245,8.098265895953757,306.0
MDW,DTW,258,0.3062015503875969,11.875968992248062,228.0
MDW,ECP,67,0.11940298507462686,-2.6865671641791047,795.0
MDW,FLL,282,0.2375886524822695,11.822695035460994,1167.0
MDW,GRR,256,0.29296875,11.7578125,137.0
MDW,HOU,470,0.3425531914893617,14.291489361702128,937.0
MDW,ICT,172,0.29651162790697677,8.75,589.0
MDW,IND,184,0.16304347826086957,-0.22282608695652173,162.0
MDW,JAX,115,0.3652173913043478,19.05217391304348,848.0
MDW,LAS,578,0.2750865051903114,10.901384083044983,1521.0
MDW,LAX,313,0.38977635782747605,17.05111821086262,1751.0
MDW,LGA,580,0.33448275862068966,14.14655172413793,725.0
MDW,LGB,76,0.32894736842105265,12.171052631578947,1741.0
MDW,MCI,539,0.23562152133580705,8.413729128014843,404.0
MDW,MCO,609,0.28407224958949095,11.637110016420362,990.0
MDW,MEM,182,0.23076923076923078,9.802197802197803,480.0
MDW,MHT,149,0.28187919463087246,12.95973154362416,838.0
MDW,MIA,135,0.26666666666666666,7.592592592592593,1182.0
MDW,MKE,179,0.3016759776536313,15.69832402234637,80.0
MDW,MSP,386,0.23575129533678757,7.069948186528498,349.0
MDW,MSY,269,0.3159851301115242,10.572490706319703,825.0
MDW,MYR,62,0.2903225806451613,18.241935483870968,738.0
MDW,OAK,161,0.391304347826087,19.801242236024844,1844.0
MDW,OKC,178,0.3202247191011236,14.94943820224719,691.0
MDW,OMA,323,0.32507739938080493,14.891640866873065,423.0
MDW,ONT,91,0.42857142857142855,19.32967032967033,1706.0
MDW,ORF,145,0.3448275862068966,15.075862068965517,704.0
MDW,PDX,198,0.4393939393939394,23.439393939393938,1751.0
MDW,PHL,368,0.23097826086956522,9.88586956521739,668.0
MDW,PHX,681,0.3142437591776799,12.838472834067547,1444.0
MDW,PIT,257,0.16731517509727625,1.1284046692607004,402.0
MDW,PNS,49,0.061224489795918366,-8.448979591836734,781.0
MDW,PVD,236,0.2584745762711864,8.88135593220339,842.0
MDW,RDU,239,0.23430962343096234,10.04602510460251,632.0
MDW,RIC,110,0.36363636363636365,15.99090909090909,629.0
MDW,ROC,170,0.31176470588235294,15.135294117647058,523.0
MDW,RSW,275,0.20727272727272728,8.134545454545455,1105.0
MDW,SAN,305,0.380327868852459,13.737704918032787,1728.0
MDW,SAT,179,0.31843575418994413,15.318435754189943,1036.0
MDW,SAV,109,0.25688073394495414,5.3119266055045875,758.0
MDW,SDF,260,0.16538461538461538,0.4115384615384615,271.0
MDW,SEA,205,0.35609756097560974,18.073170731707318,1733.0
MDW,SFO,181,0.7624309392265194,45.32596685082873,1855.0
MDW,SJC,170,0.38823529411764707,16.311764705882354,1838.0
MDW,SLC,167,0.38922155688622756,14.245508982035927,1259.0
MDW,SMF,201,0.4129353233830846,24.054726368159205,1790.0
MDW,SRQ,147,0.23129251700680273,7.870748299319728,1035.0
MDW,STL,462,0.20995670995670995,4.571428571428571,251.0
MDW,TPA,384,0.234375,10.25,997.0
MDW,TUL,178,0.2640449438202247,9.910112359550562,583.0
MDW,TUS,63,0.14285714285714285,-2.3968253968253967,1440.0
MEM,BNA,181,0.3149171270718232,12.104972375690608,200.0
MEM,BWI,68,0.16176470588235295,-0.75,787.0
MEM,DAL,123,0.2601626016260163,12.78048780487805,423.0
MEM,DEN,168,0.3392857142857143,11.720238095238095,872.0
MEM,HOU,224,0.30357142857142855,11.700892857142858,484.0
MEM,LAS,78,0.28205128205128205,13.512820512820513,1416.0
MEM,MCO,115,0.28695652173913044,10.721739130434782,684.0
MEM,MDW,180,0.18888888888888888,7.15,480.0
MHT,BWI,446,0.08071748878923767,-7.484304932735426,377.0
MHT,MCO,156,0.1858974358974359,0.2692307692307692,1142.0
MHT,MDW,149,0.174496644295302,3.738255033557047,838.0
MIA,AUS,91,0.3626373626373626,17.89010989010989,1103.0
MIA,BNA,199,0.4371859296482412,19.90452261306533,806.0
MIA,BWI,293,0.30716723549488056,10.464163822525597,946.0
MIA,CMH,65,0.3076923076923077,14.692307692307692,990.0
MIA,DAL,119,0.42016806722689076,16.823529411764707,1109.0
MIA,DEN,71,0.5492957746478874,33.70422535211268,1709.0
MIA,HOU,99,0.15151515151515152,-0.5252525252525253,955.0
MIA,IND,49,0.4489795918367347,16.79591836734694,1020.0
MIA,MCI,76,0.40789473684210525,25.644736842105264,1251.0
MIA,MCO,140,0.12142857142857143,0.7857142857142857,192.0
MIA,MDW,132,0.30303030303030304,16.522727272727273,1182.0
MIA,STL,102,0.24509803921568626,7.6568627450980395,1068.0
MKE,AUS,60,0.21666666666666667,1.25,1032.0
MKE,BNA,259,0.16216216216216217,2.501930501930502,475.0
MKE,BWI,203,0.15270935960591134,2.0492610837438425,641.0
MKE,DAL,93,0.21505376344086022,4.548387096774194,850.0
MKE,DCA,170,0.24705882352941178,7.758823529411765,634.0
MKE,DEN,305,0.2262295081967213,5.088524590163934,896.0
MKE,LAS,264,0.19318181818181818,2.7007575757575757,1524.0
MKE,MCI,85,0.12941176470588237,-2.9058823529411764,436.0
MKE,MCO,295,0.2271186440677966,4.566101694915254,1066.0
MKE,MDW,179,0.24581005586592178,0.061452513966480445,80.0
MKE,PHX,253,0.2450592885375494,9.494071146245059,1460.0
MKE,RSW,72,0.1527777777777778,1.9027777777777777,1183.0
MKE,SAN,63,0.2698412698412698,7.412698412698413,1739.0
MKE,STL,173,0.12138728323699421,-1.2890173410404624,317.0
MKE,TPA,116,0.10344827586206896,-3.689655172413793,1075.0
MSP,AUS,81,0.2222222222222222,7.555555555555555,1042.0
MSP,BNA,178,0.2247191011235955,7.814606741573034,695.0
MSP,BWI,116,0.1810344827586207,4.112068965517241,936.0
MSP,DEN,409,0.254278728606357,10.200488997555013,680.0
MSP,MDW,400,0.205,3.5925,349.0
MSP,STL,171,0.17543859649122806,1.0701754385964912,448.0
MSY,ATL,84,0.3333333333333333,12.238095238095237,425.0
MSY,AUS,389,0.2802056555269923,11.65038560411311,445.0
MSY,BNA,358,0.30446927374301674,15.547486033519553,471.0
MSY,BWI,268,0.19776119402985073,7.399253731343284,998.0
MSY,DAL,548,0.32116788321167883,15.961678832116789,437.0
MSY,DCA,178,0.37640449438202245,21.359550561797754,969.0
MSY,DEN,288,0.3298611111111111,15.059027777777779,1062.0
MSY,FLL,96,0.3541666666666667,12.302083333333334,673.0
MSY,HOU,576,0.328125,12.897569444444445,303.0
MSY,LAS,202,0.26732673267326734,11.900990099009901,1500.0
MSY,LAX,78,0.44871794871794873,26.923076923076923,1671.0
MSY,LGA,85,0.3058823529411765,14.105882352941176,1183.0
MSY,MCI,95,0.22105263157894736,8.263157894736842,690.0
MSY,MCO,449,0.28507795100222716,11.530066815144766,551.0
MSY,MDW,269,0.3159851301115242,15.869888475836431,825.0
MSY,PHX,145,0.25517241379310346,8.062068965517241,1301.0
MSY,SAN,87,0.5402298850574713,25.770114942528735,1600.0
MSY,SAT,86,0.2558139534883721,12.313953488372093,495.0
MSY,STL,175,0.24,6.102857142857143,604.0
MSY,TPA,216,0.30092592592592593,17.24074074074074,487.0
MTJ,DEN,97,0.10309278350515463,-4.030927835051546,197.0
MYR,BNA,186,0.20967741935483872,8.908602150537634,471.0
MYR,BWI,282,0.16312056737588654,1.99645390070922,399.0
MYR,MDW,62,0.24193548387096775,11.629032258064516,738.0
MYR,STL,33,0.2727272727272727,17.96969696969697,728.0
OAK,ABQ,90,0.4111111111111111,16.2,889.0
OAK,AUS,91,0.2967032967032967,10.098901098901099,1497.0
OAK,BOI,98,0.19387755102040816,7.336734693877551,512.0
OAK,BUR,638,0.1974921630094044,4.186520376175548,325.0
OAK,DAL,108,0.3425925925925926,15.12962962962963,1468.0
OAK,DEN,394,0.3350253807106599,11.845177664974619,957.0
OAK,GEG,86,0.3023255813953488,10.755813953488373,723.0
OAK,HNL,91,0.32967032967032966,8.208791208791208,2409.0
OAK,HOU,90,0.28888888888888886,10.377777777777778,1642.0
OAK,LAS,839,0.2932061978545888,11.917759237187127,407.0
OAK,LAX,505,0.24356435643564356,7.310891089108911,337.0
OAK,LGB,349,0.1489971346704871,-2.8853868194842405,353.0
OAK,LIH,91,0.32967032967032966,12.23076923076923,2456.0
OAK,MDW,161,0.19254658385093168,2.1366459627329193,1844.0
OAK,OGG,91,0.31868131868131866,16.46153846153846,2348.0
OAK,ONT,344,0.2558139534883721,5.5726744186046515,362.0
OAK,PDX,274,0.3102189781021898,12.708029197080291,543.0
OAK,PHX,505,0.26534653465346536,9.26930693069307,646.0
OAK,PSP,159,0.31446540880503143,9.226415094339623,418.0
OAK,SAN,684,0.4342105263157895,19.635964912280702,446.0
OAK,SBA,91,0.18681318681318682,-1.3736263736263736,263.0
OAK,SEA,227,0.3876651982378855,15.519823788546255,672.0
OAK,SLC,126,0.36507936507936506,22.571428571428573,588.0
OAK,SNA,593,0.15682967959527824,-1.9595278246205734,371.0
OGG,HNL,714,0.0546218487394958,-6.530812324929972,101.0
OGG,KOA,91,0.17582417582417584,1.978021978021978,84.0
OGG,LAS,92,0.010869565217391304,-22.07608695652174,2695.0
OGG,LIH,91,0.23076923076923078,3.769230769230769,202.0
OGG,OAK,91,0.0,-14.0,2348.0
OGG,PHX,91,0.03296703296703297,-14.384615384615385,2844.0
OGG,SAN,91,0.02197802197802198,-12.76923076923077,2540.0
OGG,SJC,36,0.16666666666666666,4.055555555555555,2355.0
OGG,SMF,45,0.044444444444444446,-3.8666666666666667,2403.0
OKC,AUS,82,0.1951219512195122,5.024390243902439,358.0
OKC,BNA,181,0.22099447513812154,6.994475138121547,616.0
OKC,DAL,179,0.27932960893854747,10.189944134078212,181.0
OKC,DCA,82,0.18292682926829268,0.9146341463414634,1158.0
OKC,DEN,299,0.21739130434782608,7.234113712374582,495.0
OKC,HOU,286,0.2097902097902098,3.832167832167832,419.0
OKC,LAS,272,0.3014705882352941,9.735294117647058,986.0
OKC,MCO,94,0.2872340425531915,8.042553191489361,1069.0
OKC,MDW,180,0.21666666666666667,5.605555555555555,691.0
OKC,PHX,216,0.19907407407407407,2.9814814814814814,833.0
OMA,BNA,115,0.28695652173913044,13.321739130434782,612.0
OMA,DAL,108,0.25,10.99074074074074,586.0
OMA,DCA,90,0.24444444444444444,11.088888888888889,1012.0
OMA,DEN,343,0.36443148688046645,17.113702623906704,472.0
OMA,HOU,95,0.3157894736842105,9.694736842105263,804.0
OMA,LAS,271,0.23247232472324722,9.549815498154981,1099.0
OMA,LGA,79,0.20253164556962025,5.189873417721519,1148.0
OMA,MCO,98,0.14285714285714285,0.9489795918367347,1211.0
OMA,MDW,322,0.2484472049689441,7.086956521739131,423.0
OMA,PHX,311,0.2315112540192926,4.932475884244373,1037.0
OMA,STL,193,0.14507772020725387,1.621761658031088,342.0
ONT,AUS,83,0.30120481927710846,12.0,1196.0
ONT,BNA,89,0.39325842696629215,14.292134831460674,1751.0
ONT,BWI,91,0.08791208791208792,-6.032967032967033,2283.0
ONT,DAL,96,0.375,15.489583333333334,1200.0
ONT,DEN,327,0.25688073394495414,8.819571865443425,819.0
ONT,HOU,91,0.5494505494505495,17.296703296703296,1345.0
ONT,LAS,431,0.33178654292343385,11.361948955916473,197.0
ONT,MDW,90,0.13333333333333333,-5.444444444444445,1706.0
ONT,OAK,345,0.19420289855072465,1.173913043478261,362.0
ONT,PHX,415,0.1927710843373494,4.6650602409638555,325.0
ONT,SJC,330,0.16363636363636364,0.6424242424242425,333.0
ONT,SMF,546,0.20146520146520147,1.5787545787545787,390.0
ORD,AUS,55,0.509090909090909,31.963636363636365,977.0
ORD,BNA,64,0.28125,6.625,409.0
ORD,DAL,62,0.46774193548387094,37.62903225806452,798.0
ORD,DEN,63,0.3492063492063492,25.22222222222222,888.0
ORD,LAS,141,0.3900709219858156,23.29787234042553,1514.0
ORD,MCO,189,0.35978835978835977,20.21693121693122,1005.0
ORD,PHX,131,0.3511450381679389,19.27480916030534,1440.0
ORD,RSW,46,0.10869565217391304,-7.043478260869565,1120.0
ORD,TPA,64,0.453125,17.84375,1012.0
ORF,BNA,116,0.3448275862068966,12.836206896551724,585.0
ORF,BWI,382,0.14136125654450263,4.871727748691099,159.0
ORF,MCO,94,0.1595744680851064,2.223404255319149,655.0
ORF,MDW,142,0.2887323943661972,11.485915492957746,704.0
PBI,BNA,91,0.4065934065934066,17.681318681318682,757.0
PBI,BWI,326,0.18711656441717792,0.12269938650306748,883.0
PBI,ISP,98,0.24489795918367346,9.122448979591837,1052.0
PBI,MCO,140,0.10714285714285714,-5.142857142857143,141.0
PDX,DAL,91,0.5604395604395604,23.78021978021978,1626.0
PDX,DEN,373,0.30831099195710454,11.823056300268096,991.0
PDX,LAS,299,0.2709030100334448,8.759197324414716,763.0
PDX,MDW,197,0.09644670050761421,-3.5736040609137056,1751.0
PDX,OAK,275,0.27636363636363637,9.032727272727273,543.0
PDX,PHX,340,0.27058823529411763,11.864705882352942,1010.0
PDX,SAN,91,0.25274725274725274,6.076923076923077,933.0
PDX,SJC,186,0.27956989247311825,9.43010752688172,569.0
PDX,SMF,295,0.288135593220339,11.850847457627118,479.0
PHL,BNA,238,0.23109243697478993,6.8277310924369745,675.0
PHL,DAL,90,0.6,40.67777777777778,1295.0
PHL,DEN,204,0.3235294117647059,13.372549019607844,1558.0
PHL,MCO,162,0.25925925925925924,8.5,862.0
PHL,MDW,367,0.24250681198910082,14.021798365122615,668.0
PHL,STL,199,0.19095477386934673,8.150753768844222,814.0
PHX,ABQ,465,0.35913978494623655,13.404301075268817,328.0
PHX,ATL,159,0.29559748427672955,9.534591194968554,1587.0
PHX,AUS,515,0.283495145631068,8.386407766990292,872.0
PHX,BHM,46,0.21739130434782608,3.9565217391304346,1455.0
PHX,BNA,458,0.3537117903930131,13.670305676855895,1449.0
PHX,BOI,190,0.3,13.063157894736841,735.0
PHX,BUR,567,0.18165784832451498,2.8500881834215166,369.0
PHX,BWI,330,0.23030303030303031,4.948484848484848,1999.0
PHX,CLE,93,0.27956989247311825,6.817204301075269,1737.0
PHX,CMH,142,0.29577464788732394,9.577464788732394,1670.0
PHX,COS,261,0.29118773946360155,7.881226053639847,551.0
PHX,DAL,719,0.29346314325452016,11.264255910987483,879.0
PHX,DEN,1067,0.29615745079662603,11.815370196813495,602.0
PHX,DSM,37,0.21621621621621623,3.7027027027027026,1149.0
PHX,ELP,302,0.3609271523178808,12.1158940397351,347.0
PHX,GEG,175,0.37142857142857144,12.565714285714286,1020.0
PHX,HNL,91,0.3076923076923077,7.230769230769231,2917.0
PHX,HOU,547,0.3327239488117002,13.360146252285192,1020.0
PHX,IAD,64,0.34375,5.671875,1956.0
PHX,ICT,38,0.18421052631578946,3.5526315789473686,870.0
PHX,IND,236,0.3601694915254237,13.567796610169491,1489.0
PHX,LAS,888,0.2725225225225225,7.4774774774774775,255.0
PHX,LAX,476,0.3592436974789916,14.951680672268907,370.0
PHX,LGB,359,0.26740947075208915,6.935933147632312,355.0
PHX,MCI,414,0.30676328502415456,12.432367149758454,1044.0
PHX,MCO,188,0.21808510638297873,7.851063829787234,1849.0
PHX,MDW,695,0.3381294964028777,12.992805755395683,1444.0
PHX,MKE,250,0.368,15.192,1460.0
PHX,MSY,145,0.36551724137931035,14.041379310344828,1301.0
PHX,OAK,515,0.32427184466019415,10.77864077669903,646.0
PHX,OGG,91,0.31868131868131866,12.032967032967033,2844.0
PHX,OKC,216,0.33796296296296297,12.87037037037037,833.0
PHX,OMA,309,0.3074433656957929,13.398058252427184,1037.0
PHX,ONT,415,0.3469879518072289,13.366265060240965,325.0
PHX,ORD,130,0.46923076923076923,27.76153846153846,1440.0
PHX,PDX,341,0.39296187683284456,17.49266862170088,1010.0
PHX,PIT,95,0.3368421052631579,19.2,1814.0
PHX,RDU,91,0.37362637362637363,18.0989010989011,1891.0
PHX,RNO,257,0.35019455252918286,15.256809338521402,601.0
PHX,SAN,822,0.39659367396593675,16.098540145985403,304.0
PHX,SAT,385,0.2909090909090909,10.493506493506494,843.0
PHX,SDF,93,0.34408602150537637,12.150537634408602,1506.0
PHX,SEA,285,0.42105263157894735,17.978947368421053,1107.0
PHX,SFO,267,0.5730337078651685,27.808988764044944,651.0
PHX,SJC,487,0.324435318275154,9.967145790554415,621.0
PHX,SLC,465,0.3225806451612903,11.049462365591397,507.0
PHX,SMF,554,0.26353790613718414,7.855595667870036,647.0
PHX,SNA,595,0.22016806722689075,6.349579831932773,338.0
PHX,STL,400,0.295,10.4175,1262.0
PHX,TPA,100,0.47,40.22,1788.0
PHX,TUL,147,0.40816326530612246,19.435374149659864,935.0
PHX,TUS,182,0.3021978021978022,11.802197802197803,109.0
PIT,ATL,53,0.20754716981132076,1.849056603773585,526.0
PIT,AUS,78,0.20512820512820512,1.4230769230769231,1210.0
PIT,BNA,260,0.18076923076923077,3.546153846153846,462.0
PIT,BWI,271,0.14391143911439114,-1.2103321033210332,210.0
PIT,DAL,87,0.2988505747126437,7.390804597701149,1060.0
PIT,DEN,193,0.24870466321243523,10.398963730569948,1290.0
PIT,FLL,97,0.29896907216494845,10.041237113402062,994.0
PIT,HOU,90,0.35555555555555557,10.911111111111111,1131.0
PIT,LAS,170,0.1588235294117647,4.270588235294118,1910.0
PIT,MCO,457,0.16192560175054704,4.862144420131291,834.0
PIT,MDW,255,0.24313725490196078,13.490196078431373,402.0
PIT,PHX,95,0.3473684210526316,18.094736842105263,1814.0
PIT,RSW,108,0.18518518518518517,1.7037037037037037,966.0
PIT,SRQ,37,0.13513513513513514,2.108108108108108,912.0
PIT,STL,167,0.20958083832335328,4.323353293413174,554.0
PIT,TPA,224,0.16964285714285715,2.0625,873.0
PNS,AUS,72,0.16666666666666666,-1.4305555555555556,626.0
PNS,BNA,260,0.2846153846153846,10.46923076923077,391.0
PNS,DAL,132,0.23484848484848486,6.0606060606060606,592.0
PNS,DEN,91,0.5604395604395604,32.879120879120876,1179.0
PNS,HOU,97,0.1958762886597938,3.0721649484536084,488.0
PNS,MCI,94,0.2127659574468085,5.851063829787234,743.0
PNS,MDW,50,0.22,11.96,781.0
PNS,STL,52,0.09615384615384616,-4.826923076923077,598.0
PSP,DEN,149,0.18791946308724833,-2.0604026845637584,776.0
PSP,LAS,209,0.2679425837320574,5.7894736842105265,173.0
PSP,OAK,161,0.2111801242236025,4.298136645962733,418.0
PSP,SJC,64,0.015625,-9.46875,390.0
PSP,SMF,127,0.2125984251968504,0.6929133858267716,439.0
PVD,BNA,98,0.24489795918367346,4.173469387755102,906.0
PVD,BWI,474,0.08860759493670886,-4.225738396624473,327.0
PVD,DCA,163,0.26380368098159507,10.484662576687116,356.0
PVD,MCO,241,0.24896265560165975,6.008298755186722,1072.0
PVD,MDW,234,0.18803418803418803,2.1495726495726495,842.0
PVD,TPA,89,0.10112359550561797,-5.966292134831461,1136.0
PWM,BNA,35,0.2857142857142857,13.8,1010.0
PWM,BWI,326,0.17177914110429449,2.5950920245398774,452.0
RDU,AUS,141,0.3262411347517731,15.304964539007091,1162.0
RDU,BNA,323,0.25386996904024767,9.309597523219814,442.0
RDU,BWI,447,0.1319910514541387,1.0156599552572707,256.0
RDU,DAL,95,0.4105263157894737,17.96842105263158,1052.0
RDU,DEN,185,0.2756756756756757,8.81081081081081,1436.0
RDU,FLL,30,0.2,7.8,680.0
RDU,HOU,97,0.28865979381443296,7.319587628865979,1050.0
RDU,LAS,72,0.20833333333333334,-4.180555555555555,2026.0
RDU,MCO,207,0.2560386473429952,10.816425120772946,534.0
RDU,MDW,239,0.2928870292887029,12.95397489539749,632.0
RDU,PHX,91,0.4065934065934066,12.10989010989011,1891.0
RDU,STL,188,0.26063829787234044,6.973404255319149,668.0
RDU,TPA,92,0.13043478260869565,-2.8043478260869565,587.0
RIC,BNA,111,0.21621621621621623,9.585585585585585,527.0
RIC,BWI,181,0.26519337016574585,12.220994475138122,120.0
RIC,DEN,81,0.6049382716049383,30.82716049382716,1481.0
RIC,MCO,64,0.25,10.921875,667.0
RIC,MDW,109,0.3119266055045872,14.20183486238532,629.0
RNO,AUS,53,0.33962264150943394,17.528301886792452,1405.0
RNO,BUR,118,0.1864406779661017,7.0423728813559325,374.0
RNO,DEN,268,0.1455223880597015,-0.11194029850746269,804.0
RNO,LAS,884,0.18778280542986425,3.015837104072398,345.0
RNO,LAX,61,0.4098360655737705,20.491803278688526,390.0
RNO,LGB,152,0.26973684210526316,8.855263157894736,402.0
RNO,PHX,258,0.20930232558139536,6.228682170542636,601.0
RNO,SAN,250,0.336,11.8,488.0
RNO,SJC,52,0.5384615384615384,27.096153846153847,188.0
ROC,BWI,272,0.1213235294117647,-0.9558823529411765,277.0
ROC,MCO,90,0.4444444444444444,23.22222222222222,1033.0
ROC,MDW,172,0.19186046511627908,5.343023255813954,523.0
RSW,BNA,244,0.21311475409836064,4.938524590163935,722.0
RSW,BWI,362,0.19060773480662985,6.4502762430939224,919.0
RSW,CMH,123,0.3089430894308943,12.821138211382113,930.0
RSW,DEN,92,0.13043478260869565,-1.6521739130434783,1607.0
RSW,IND,182,0.22527472527472528,8.219780219780219,945.0
RSW,MCO,138,0.10869565217391304,-1.1884057971014492,133.0
RSW,MDW,278,0.2805755395683453,14.70863309352518,1105.0
RSW,MKE,72,0.18055555555555555,2.125,1183.0
RSW,ORD,44,0.3409090909090909,25.022727272727273,1120.0
RSW,PIT,108,0.3148148148148148,21.574074074074073,966.0
RSW,STL,241,0.1825726141078838,4.394190871369295,979.0
SAN,ABQ,171,0.27485380116959063,10.187134502923977,628.0
SAN,AUS,384,0.4036458333333333,18.526041666666668,1164.0
SAN,BNA,307,0.3257328990228013,10.247557003257329,1751.0
SAN,BOI,126,0.46825396825396826,22.246031746031747,749.0
SAN,BWI,309,0.2977346278317152,9.718446601941748,2295.0
SAN,CMH,63,0.3492063492063492,10.492063492063492,1964.0
SAN,COS,53,0.3018867924528302,8.88679245283019,816.0
SAN,DAL,396,0.3888888888888889,16.482323232323232,1182.0
SAN,DEN,586,0.32081911262798635,11.815699658703071,853.0
SAN,ELP,86,0.43023255813953487,24.72093023255814,636.0
SAN,EUG,72,0.2916666666666667,5.972222222222222,850.0
SAN,FAT,169,0.26627218934911245,2.893491124260355,314.0
SAN,HNL,181,0.2430939226519337,4.856353591160221,2614.0
SAN,HOU,257,0.3463035019455253,11.529182879377432,1313.0
SAN,IND,63,0.47619047619047616,23.349206349206348,1782.0
SAN,LAS,937,0.3084311632870864,9.467449306296691,258.0
SAN,MCI,95,0.30526315789473685,14.56842105263158,1334.0
SAN,MCO,160,0.11875,-8.4375,2149.0
SAN,MDW,304,0.2138157894736842,2.5789473684210527,1728.0
SAN,MKE,62,0.3709677419354839,19.725806451612904,1739.0
SAN,MSY,87,0.1839080459770115,4.287356321839081,1600.0
SAN,OAK,685,0.31386861313868614,10.646715328467153,446.0
SAN,OGG,91,0.26373626373626374,3.923076923076923,2540.0
SAN,PDX,91,0.4175824175824176,14.076923076923077,933.0
SAN,PHX,811,0.2959309494451295,9.52157829839704,304.0
SAN,RNO,249,0.357429718875502,12.461847389558233,488.0
SAN,SAT,171,0.32748538011695905,12.695906432748538,1129.0
SAN,SEA,90,0.4222222222222222,15.38888888888889,1050.0
SAN,SFO,457,0.6389496717724289,37.06345733041576,447.0
SAN,SJC,966,0.3188405797101449,9.56832298136646,417.0
SAN,SLC,93,0.3763440860215054,11.86021505376344,626.0
SAN,SMF,987,0.2968591691995947,7.954407294832826,480.0
SAN,STL,107,0.32710280373831774,11.532710280373832,1557.0
SAN,STS,132,0.30303030303030304,7.5227272727272725,508.0
SAN,TPA,90,0.18888888888888888,1.3444444444444446,2087.0
SAN,TUS,167,0.2874251497005988,11.682634730538922,367.0
SAT,ATL,72,0.3333333333333333,10.694444444444445,874.0
SAT,BNA,258,0.27906976744186046,12.267441860465116,822.0
SAT,BWI,178,0.20786516853932585,5.101123595505618,1407.0
SAT,DAL,708,0.21468926553672316,5.704802259887006,247.0
SAT,DEN,392,0.2423469387755102,5.535714285714286,794.0
SAT,ELP,183,0.2677595628415301,9.262295081967213,496.0
SAT,HOU,298,0.36577181208053694,13.234899328859061,192.0
SAT,LAS,411,0.2773722627737226,10.253041362530414,1069.0
SAT,LAX,91,0.46153846153846156,23.32967032967033,1211.0
SAT,MCI,86,0.1511627906976744,7.488372093023256,706.0
SAT,MCO,188,0.26063829787234044,12.75,1041.0
SAT,MDW,179,0.2346368715083799,6.430167597765363,1036.0
SAT,MSY,86,0.09302325581395349,-6.313953488372093,495.0
SAT,PHX,387,0.23772609819121446,4.4728682170542635,843.0
SAT,SAN,173,0.2658959537572254,9.84393063583815,1129.0
SAT,STL,163,0.17791411042944785,1.7116564417177915,786.0
SAT,TPA,91,0.32967032967032966,11.417582417582418,972.0
SAV,BNA,258,0.25193798449612403,8.98062015503876,417.0
SAV,BWI,271,0.12915129151291513,1.5092250922509225,548.0
SAV,DAL,90,0.43333333333333335,16.07777777777778,915.0
SAV,HOU,57,0.15789473684210525,-3.8421052631578947,853.0
SAV,MDW,107,0.2523364485981308,13.542056074766355,758.0
SAV,STL,44,0.18181818181818182,1.4545454545454546,689.0
SBA,DEN,78,0.02564102564102564,-4.82051282051282,916.0
SBA,LAS,230,0.10869565217391304,-3.4956521739130433,289.0
SBA,OAK,91,0.13186813186813187,-6.868131868131868,263.0
SBA,SMF,91,0.14285714285714285,-6.1208791208791204,310.0
SDF,BNA,183,0.22950819672131148,8.180327868852459,151.0
SDF,BWI,232,0.15948275862068967,-0.3620689655172414,495.0
SDF,DAL,81,0.24691358024691357,5.6419753086419755,725.0
SDF,DEN,92,0.21739130434782608,5.739130434782608,1024.0
SDF,HOU,91,0.17582417582417584,-6.1098901098901095,803.0
SDF,LAS,91,0.23076923076923078,7.8901098901098905,1624.0
SDF,MCO,190,0.23684210526315788,11.56842105263158,719.0
SDF,MDW,253,0.18181818181818182,2.727272727272727,271.0
SDF,PHX,93,0.20430107526881722,1.3010752688172043,1506.0
SDF,TPA,107,0.1588785046728972,2.97196261682243,727.0
SEA,DAL,95,0.6421052631578947,39.04210526315789,1670.0
SEA,DEN,331,0.34441087613293053,15.83987915407855,1024.0
SEA,LAS,270,0.29259259259259257,10.040740740740741,867.0
SEA,MDW,203,0.18719211822660098,2.3645320197044337,1733.0
SEA,OAK,225,0.3022222222222222,12.102222222222222,672.0
SEA,PHX,285,0.3719298245614035,14.494736842105263,1107.0
SEA,SAN,91,0.45054945054945056,15.384615384615385,1050.0
SEA,SJC,192,0.3020833333333333,8.395833333333334,696.0
SEA,SMF,278,0.28776978417266186,8.06474820143885,605.0
SFO,AUS,109,0.7339449541284404,56.37614678899082,1504.0
SFO,BNA,91,0.43956043956043955,19.0989010989011,1969.0
SFO,BUR,250,0.548,31.492,326.0
SFO,BWI,91,0.5384615384615384,23.164835164835164,2457.0
SFO,DAL,90,0.8333333333333334,59.355555555555554,1476.0
SFO,DEN,319,0.5172413793103449,30.278996865203762,967.0
SFO,LAS,326,0.5061349693251533,31.06441717791411,414.0
SFO,LAX,361,0.5207756232686981,27.60387811634349,337.0
SFO,MDW,180,0.34444444444444444,9.372222222222222,1855.0
SFO,PHX,267,0.5655430711610487,28.636704119850187,651.0
SFO,SAN,455,0.6483516483516484,44.08791208791209,447.0
SFO,STL,82,0.8292682926829268,63.292682926829265,1735.0
SJC,AUS,290,0.296551724137931,9.213793103448277,1476.0
SJC,BOI,63,0.5555555555555556,21.714285714285715,523.0
SJC,BUR,495,0.15757575757575756,-0.498989898989899,296.0
SJC,BWI,91,0.23076923076923078,4.8791208791208796,2439.0
SJC,DAL,91,0.16483516483516483,1.2087912087912087,1450.0
SJC,DEN,357,0.34173669467787116,13.375350140056023,948.0
SJC,EUG,90,0.45555555555555555,18.288888888888888,471.0
SJC,GEG,56,0.35714285714285715,6.196428571428571,742.0
SJC,HNL,118,0.3644067796610169,11.771186440677965,2417.0
SJC,HOU,91,0.16483516483516483,-0.03296703296703297,1621.0
SJC,LAS,820,0.2146341463414634,5.392682926829268,386.0
SJC,LAX,482,0.24273858921161826,5.435684647302905,308.0
SJC,LGB,345,0.14202898550724638,-1.565217391304348,324.0
SJC,MDW,170,0.21764705882352942,2.0,1838.0
SJC,OGG,36,0.1388888888888889,-4.027777777777778,2355.0
SJC,ONT,329,0.19756838905775076,2.8905775075987843,333.0
SJC,PDX,188,0.22872340425531915,5.074468085106383,569.0
SJC,PHX,497,0.2515090543259557,7.724346076458753,621.0
SJC,PSP,63,0.25396825396825395,2.7301587301587302,390.0
SJC,RNO,52,0.038461538461538464,-8.461538461538462,188.0
SJC,SAN,965,0.37202072538860104,14.534715025906737,417.0
SJC,SEA,192,0.3072916666666667,7.375,696.0
SJC,SLC,52,0.2692307692307692,9.0,584.0
SJC,SNA,672,0.14583333333333334,-2.5952380952380953,342.0
SJU,BWI,223,0.17937219730941703,5.26457399103139,1565.0
SJU,FLL,42,0.3333333333333333,12.5,1046.0
SJU,HOU,36,0.1388888888888889,3.4722222222222223,1997.0
SJU,MCO,549,0.20765027322404372,6.029143897996357,1188.0
SJU,TPA,134,0.2835820895522388,16.544776119402986,1237.0
SLC,AUS,105,0.3333333333333333,9.619047619047619,1086.0
SLC,BNA,38,0.13157894736842105,2.473684210526316,1404.0
SLC,BWI,96,0.08333333333333333,-9.59375,1865.0
SLC,DAL,181,0.2541436464088398,11.204419889502763,999.0
SLC,DEN,536,0.31343283582089554,8.843283582089553,391.0
SLC,HOU,101,0.2871287128712871,8.861386138613861,1214.0
SLC,LAS,376,0.27393617021276595,8.537234042553191,368.0
SLC,LAX,90,0.2222222222222222,5.177777777777778,590.0
SLC,LGB,129,0.27906976744186046,5.403100775193798,588.0
SLC,MDW,163,0.24539877300613497,4.098159509202454,1259.0
SLC,OAK,126,0.2222222222222222,5.571428571428571,588.0
SLC,PHX,465,0.26881720430107525,7.116129032258065,507.0
SLC,SAN,93,0.3763440860215054,12.580645161290322,626.0
SLC,SJC,51,0.37254901960784315,14.529411764705882,584.0
SLC,SMF,166,0.19879518072289157,1.0602409638554218,532.0
SMF,AUS,91,0.2967032967032967,6.923076923076923,1481.0
SMF,BNA,95,0.10526315789473684,-1.9473684210526316,1917.0
SMF,BOI,213,0.215962441314554,4.122065727699531,437.0
SMF,BUR,642,0.13862928348909656,-1.2538940809968848,358.0
SMF,BWI,91,0.13186813186813187,-1.7692307692307692,2395.0
SMF,DAL,177,0.2711864406779661,10.519774011299434,1442.0
SMF,DEN,479,0.2254697286012526,8.048016701461378,909.0
SMF,EUG,91,0.2857142857142857,8.68131868131868,384.0
SMF,GEG,150,0.3333333333333333,14.666666666666666,649.0
SMF,HNL,91,0.14285714285714285,-3.8241758241758244,2462.0
SMF,HOU,90,0.3333333333333333,10.166666666666666,1624.0
SMF,KOA,91,0.2087912087912088,-1.010989010989011,2435.0
SMF,LAS,888,0.21283783783783783,6.00563063063063,397.0
SMF,LAX,427,0.2693208430913349,8.278688524590164,373.0
SMF,LGB,428,0.15654205607476634,-0.5116822429906542,387.0
SMF,MCO,91,0.21978021978021978,-1.1428571428571428,2408.0
SMF,MDW,198,0.13636363636363635,0.010101010101010102,1790.0
SMF,OGG,45,0.1111111111111111,-5.733333333333333,2403.0
SMF,ONT,546,0.19230769230769232,2.413919413919414,390.0
SMF,PDX,295,0.21694915254237288,5.122033898305085,479.0
SMF,PHX,554,0.23465703971119134,5.027075812274369,647.0
SMF,PSP,128,0.1171875,0.6875,439.0
SMF,SAN,985,0.34822335025380713,13.467005076142131,480.0
SMF,SBA,90,0.0,-14.577777777777778,310.0
SMF,SEA,279,0.25089605734767023,5.197132616487456,605.0
SMF,SLC,167,0.23353293413173654,9.347305389221557,532.0
SMF,SNA,569,0.18453427065026362,0.9964850615114236,404.0
SMF,STL,91,0.2967032967032967,7.395604395604396,1679.0
SNA,AUS,83,0.12048192771084337,0.04819277108433735,1209.0
SNA,DAL,90,0.18888888888888888,5.933333333333334,1216.0
SNA,DEN,398,0.2135678391959799,6.64321608040201,846.0
SNA,LAS,632,0.17563291139240506,0.8876582278481012,226.0
SNA,OAK,597,0.19262981574539365,1.9932998324958124,371.0
SNA,PHX,594,0.14814814814814814,-0.4595959595959596,338.0
SNA,SJC,669,0.15246636771300448,-1.8011958146487295,342.0
SNA,SMF,569,0.17223198594024605,1.8734622144112478,404.0
SRQ,BNA,178,0.24157303370786518,14.235955056179776,648.0
SRQ,BWI,328,0.16463414634146342,2.326219512195122,880.0
SRQ,CMH,68,0.17647058823529413,9.308823529411764,869.0
SRQ,IND,30,0.16666666666666666,4.4,876.0
SRQ,MCO,140,0.17142857142857143,6.214285714285714,104.0
SRQ,MDW,145,0.296551724137931,11.903448275862068,1035.0
SRQ,PIT,37,0.21621621621621623,5.324324324324325,912.0
SRQ,STL,103,0.21359223300970873,6.776699029126213,903.0
STL,ATL,257,0.25680933852140075,9.770428015564203,484.0
STL,AUS,266,0.3007518796992481,13.736842105263158,721.0
STL,BNA,332,0.20783132530120482,4.078313253012048,272.0
STL,BOS,248,0.39919354838709675,19.661290322580644,1047.0
STL,BWI,334,0.18562874251497005,1.8622754491017963,738.0
STL,CHS,86,0.16279069767441862,2.6511627906976742,706.0
STL,CLE,168,0.26785714285714285,11.958333333333334,487.0
STL,CLT,31,0.2903225806451613,19.838709677419356,575.0
STL,CMH,168,0.24404761904761904,7.630952380952381,409.0
STL,DAL,485,0.30721649484536084,13.876288659793815,546.0
STL,DCA,353,0.28895184135977336,7.263456090651558,719.0
STL,DEN,578,0.3217993079584775,15.53114186851211,770.0
STL,DTW,179,0.3463687150837989,17.29050279329609,440.0
STL,ECP,123,0.3902439024390244,17.016260162601625,634.0
STL,FLL,195,0.26666666666666666,7.01025641025641,1057.0
STL,HOU,386,0.25129533678756477,6.044041450777202,687.0
STL,JAX,116,0.20689655172413793,6.922413793103448,753.0
STL,LAS,441,0.3129251700680272,14.319727891156463,1371.0
STL,LAX,145,0.4,19.28965517241379,1592.0
STL,LGA,344,0.30523255813953487,12.279069767441861,888.0
STL,MCI,264,0.29924242424242425,10.757575757575758,237.0
STL,MCO,551,0.20326678765880218,4.79491833030853,882.0
STL,MDW,461,0.20824295010845986,4.483731019522777,251.0
STL,MIA,103,0.3106796116504854,12.631067961165048,1068.0
STL,MKE,175,0.1657142857142857,-0.7714285714285715,317.0
STL,MSP,172,0.2616279069767442,10.180232558139535,448.0
STL,MSY,177,0.1977401129943503,3.615819209039548,604.0
STL,MYR,33,0.45454545454545453,21.09090909090909,728.0
STL,OMA,193,0.30569948186528495,13.05699481865285,342.0
STL,PHL,198,0.30303030303030304,17.18686868686869,814.0
STL,PHX,408,0.34068627450980393,13.64950980392157,1262.0
STL,PIT,167,0.24550898203592814,9.353293413173652,554.0
STL,PNS,53,0.22641509433962265,3.660377358490566,598.0
STL,RDU,188,0.18085106382978725,6.946808510638298,668.0
STL,RSW,240,0.19166666666666668,7.508333333333334,979.0
STL,SAN,108,0.21296296296296297,3.861111111111111,1557.0
STL,SAT,162,0.24691358024691357,6.160493827160494,786.0
STL,SAV,44,0.25,9.340909090909092,689.0
STL,SFO,82,0.6829268292682927,43.6219512195122,1735.0
STL,SMF,91,0.1978021978021978,0.8351648351648352,1679.0
STL,SRQ,104,0.34615384615384615,18.615384615384617,903.0
STL,TPA,323,0.17956656346749225,3.637770897832817,869.0
STL,VPS,58,0.3103448275862069,5.982758620689655,610.0
STS,BUR,67,0.208955223880597,6.343283582089552,387.0
STS,LAS,85,0.17647058823529413,-1.4588235294117646,454.0
STS,SAN,132,0.19696969696969696,3.8257575757575757,508.0
STT,MCO,90,0.16666666666666666,-0.8333333333333334,1246.0
TPA,ALB,76,0.27631578947368424,12.592105263157896,1130.0
TPA,ATL,182,0.1813186813186813,4.582417582417582,406.0
TPA,AUS,294,0.22448979591836735,2.608843537414966,928.0
TPA,BDL,85,0.3411764705882353,11.51764705882353,1111.0
TPA,BHM,100,0.15,3.02,459.0
TPA,BNA,467,0.2826552462526767,11.548179871520343,612.0
TPA,BUF,160,0.2125,6.75625,1053.0
TPA,BWI,617,0.18638573743922204,2.4489465153970826,842.0
TPA,CMH,239,0.2384937238493724,6.518828451882845,829.0
TPA,DAL,330,0.2727272727272727,10.142424242424243,917.0
TPA,DCA,161,0.20496894409937888,5.012422360248447,814.0
TPA,DEN,350,0.21714285714285714,3.037142857142857,1506.0
TPA,FLL,91,0.3516483516483517,17.978021978021978,197.0
TPA,HOU,273,0.1978021978021978,3.3150183150183152,781.0
TPA,IND,228,0.21929824561403508,12.057017543859649,837.0
TPA,LAS,250,0.24,6.24,1984.0
TPA,LAX,91,0.3626373626373626,13.967032967032967,2158.0
TPA,MCI,191,0.20418848167539266,5.43455497382199,1048.0
TPA,MDW,376,0.26595744680851063,8.502659574468085,997.0
TPA,MKE,117,0.3333333333333333,18.45299145299145,1075.0
TPA,MSY,215,0.2186046511627907,4.772093023255814,487.0
TPA,ORD,62,0.43548387096774194,15.016129032258064,1012.0
TPA,PHX,100,0.23,5.94,1788.0
TPA,PIT,222,0.2882882882882883,12.986486486486486,873.0
TPA,PVD,90,0.3888888888888889,20.833333333333332,1136.0
TPA,RDU,92,0.13043478260869565,7.010869565217392,587.0
TPA,SAN,91,0.4835164835164835,18.076923076923077,2087.0
TPA,SAT,91,0.18681318681318682,0.4835164835164835,972.0
TPA,SDF,106,0.14150943396226415,-2.2169811320754715,727.0
TPA,SJU,136,0.375,21.889705882352942,1237.0
TPA,STL,322,0.18322981366459629,3.8664596273291925,869.0
TUL,AUS,78,0.14102564102564102,1.641025641025641,426.0
TUL,BNA,182,0.23076923076923078,8.68131868131868,515.0
TUL,DAL,250,0.208,5.1,237.0
TUL,DEN,216,0.25,9.800925925925926,541.0
TUL,HOU,121,0.23140495867768596,4.198347107438017,453.0
TUL,LAS,155,0.21935483870967742,6.825806451612904,1076.0
TUL,MCO,80,0.325,11.4125,1006.0
TUL,MDW,178,0.16853932584269662,3.4157303370786516,583.0
TUL,PHX,147,0.21768707482993196,3.7551020408163267,935.0
TUS,DAL,45,0.08888888888888889,-5.955555555555556,824.0
TUS,DEN,303,0.23102310231023102,8.462046204620462,639.0
TUS,LAS,297,0.18181818181818182,4.1952861952861955,364.0
TUS,LAX,136,0.22058823529411764,7.044117647058823,451.0
TUS,MDW,63,0.42857142857142855,14.238095238095237,1440.0
TUS,PHX,183,0.15300546448087432,-0.2459016393442623,109.0
TUS,SAN,168,0.27380952380952384,9.148809523809524,367.0
TYS,BNA,182,0.1978021978021978,0.3021978021978022,152.0
TYS,BWI,91,0.08791208791208792,-4.6923076923076925,464.0
TYS,DAL,91,0.23076923076923078,5.351648351648351,762.0
TYS,DEN,42,0.30952380952380953,18.023809523809526,1162.0
TYS,MCO,89,0.19101123595505617,5.0,532.0
VPS,BNA,209,0.14354066985645933,3.1291866028708135,389.0
VPS,BWI,91,0.14285714285714285,-1.2307692307692308,819.0
VPS,DAL,118,0.2542372881355932,11.627118644067796,630.0
VPS,HOU,90,0.25555555555555554,9.866666666666667,527.0
VPS,STL,58,0.22413793103448276,9.155172413793103,610.0
