Origin,rate,flights
DEN,0.30943774311421945,50902
LAS,0.2707560343107919,50130
BWI,0.2406905723574032,40604
MDW,0.2726058131034309,39669
DAL,0.30840694486749926,39396
PHX,0.2785021302807864,38962
BNA,0.2949492739752249,36569
MCO,0.28712708634511763,30436
HOU,0.26497801231310464,28425
SAN,0.2909823365354819,22589
AUS,0.2962103289737982,22403
STL,0.24866188877800963,22046
SMF,0.1981518945814424,18289
OAK,0.23007374158384097,15595
SJC,0.20505992010652463,15020
LAX,0.30136706794531726,14703
TPA,0.23686059584035976,14232
MCI,0.2220834557743168,13612
MSY,0.2649901473210097,10657
BUR,0.16813334713738481,9659
ATL,0.24906346997752327,9343
DCA,0.2811565304087737,9027
SAT,0.22706802559848305,8438
SNA,0.1559003969686034,8313
IND,0.20109805924412666,7832
HNL,0.1097243176518996,7291
LGB,0.15235030777839956,7148
CMH,0.20250316411193925,7111
FLL,0.31214296176944484,6827
ONT,0.19751608559030376,6683
SLC,0.22829874261475533,6601
ABQ,0.19581807081807082,6552
LGA,0.28828125,6400
PIT,0.20810496595249958,6021
MKE,0.2,5860
SFO,0.44951307022039977,5853
RSW,0.24308416715715125,5097
RDU,0.21958098307816276,4964
RNO,0.1909293379226564,4939
ELP,0.2232851618155913,4913
PDX,0.24604966139954854,4873
SEA,0.30844155844155846,4620
OMA,0.22092267706302793,4617
OKC,0.195821185617104,4116
BOS,0.28638847491306507,4026
MIA,0.3285930408472012,3305
TUL,0.16826615483045426,3126
CLE,0.1921719602181585,3117
MSP,0.2135265700483092,3105
SDF,0.17746113989637305,3088
BUF,0.21840209561231172,3054
OGG,0.08076165462902167,3046
BOI,0.19312875250166778,2998
BHM,0.21591672263263936,2978
PVD,0.1796707229778096,2794
PHL,0.2770689026613197,2743
TUS,0.19591836734693877,2695
SRQ,0.22011878247958427,2694
JAX,0.23709798055347794,2674
DTW,0.2665895061728395,2592
COS,0.19612590799031476,2478
MEM,0.2386780905752754,2451
SJU,0.24326599326599327,2376
ALB,0.17018526497199482,2321
BDL,0.18317503392130258,2211
CHS,0.23415085608514577,2161
ECP,0.24587847385774847,2123
GEG,0.14966949952785646,2118
MAF,0.13858566682486947,2107
CLT,0.2432876712328767,1825
ORF,0.21452702702702703,1776
ORD,0.3321878579610538,1746
SAV,0.2228670922809054,1723
KOA,0.057772483621203095,1679
LIH,0.06447761194029851,1675
PNS,0.2459605026929982,1671
PSP,0.17463235294117646,1632
MHT,0.13610938471100062,1609
PBI,0.23432552248258393,1579
CVG,0.20967741935483872,1550
LBB,0.15919428200129954,1539
ISP,0.2229038854805726,1467
LIT,0.1772853185595568,1444
MYR,0.18876404494382024,1335
HRL,0.22648902821316613,1276
ROC,0.25557324840764334,1256
FAT,0.20275750202757503,1233
RIC,0.29454841334418225,1229
VPS,0.16213921901528014,1178
GRR,0.22789115646258504,1176
EUG,0.2020109689213894,1094
SBA,0.09834558823529412,1088
BZN,0.25461254612546125,1084
ITO,0.07169811320754717,1060
ICT,0.152317880794702,1057
DSM,0.17887725975261656,1051
AMA,0.1786407766990291,1030
GSP,0.1416490486257928,946
PWM,0.20163170163170163,858
TYS,0.19070904645476772,818
JAN,0.16279069767441862,688
CRP,0.157439446366782,578
IAD,0.21507760532150777,451
STS,0.2200488997555012,409
HDN,0.2727272727272727,352
MTJ,0.14968152866242038,314
STT,0.29707112970711297,239
ANC,0.3717948717948718,156
