dep_hour,delay_rate,flights
5,0.05643277322750429,35529
6,0.061052558591041466,57688
7,0.08828269329035808,50882
8,0.11446958610079178,53298
9,0.1403116397955171,40688
10,0.1749475929535508,54382
11,0.21055443032339913,44929
12,0.24886470564169702,48886
13,0.2830810024805406,46764
14,0.32317696439833843,45981
15,0.32955887925461963,44863
16,0.37390320445763325,46841
17,0.3682673588578845,46230
18,0.3848220148437034,50257
19,0.4017525750554543,45533
20,0.3918821922248721,43189
21,0.40915532879818595,28224
22,0.4013204432916765,12723
23,0.20826580226904376,3702
